id,Day,Month,Year,Country,Source,Host,Host status
ERR1228258,6,November,2013,Hungary,Urine,Human,Colonization
ERR1228300,30,April,2014,Hungary,Blood,Human,Infection
ERR1217210,2,November,2013,Italy,Lower respiratory tract secrection,Human,Colonization
ERR1541557,31,December,2013,Czech Republic,Urine,Human,Infection
ERR1217198,2,November,2013,Italy,Urine,Human,Colonization
ERR1204870,9,December,2013,Poland,Other (pus),Human,Infection
ERR1228252,1,November,2013,Hungary,Wound secretion,Human,Colonization
ERR1334581,10,March,2014,Greece,Lower respiratory tract secrection,Human,Infection
ERR1541392,4,November,2013,Turkey,Urine,Human,Infection
ERR1541371,13,November,2013,Turkey,Blood,Human,Infection
ERR1217180,24,February,2014,Montenegro,Other (tube),Human,Colonization
ERR1205067,29,January,2014,France,Blood,Human,Infection
ERR1334633,23,January,2014,Denmark,Blood,Human,Infection
ERR1228224,17,February,2014,Italy,Urine,Human,Infection
ERR1228363,30,November,2013,Spain,Urine,Human,Infection
ERR1289802,20,December,2013,Spain,Blood,Human,Infection
ERR1374899,17,December,2013,Serbia,Blood,Human,Infection
ERR1415751,29,November,2013,Croatia,Lower respiratory tract secrection,Human,Infection
ERR1217156,27,February,2014,Israel,Urine,Human,
ERR1374975,3,November,2013,Slovenia,Urine,Human,Infection
ERR1374908,11,February,2014,Serbia,Blood,Human,Infection
ERR1541435,18,March,2014,Turkey,Urine,Human,Infection
ERR1541521,13,April,2014,Turkey,Urine,Human,Infection
ERR1415611,12,January,2014,Romania,Urine,Human,Infection
ERR1541282,10,March,2014,Turkey,Puncture fluids,Human,Infection
ERR1541494,18,December,2013,Turkey,Puncture fluids,Human,Infection
ERR1217418,24,April,2014,Italy,Urine,Human,Infection
ERR1415573,15,April,2014,United Kingdom (England/Wales/N. Ireland),Other (fluid),Human,Infection
ERR1228259,12,November,2013,Hungary,Urine,Human,Colonization
ERR1217041,6,November,2013,Norway,Other (pancreas secretion),Human,Infection
ERR1205073,12,November,2013,France,Blood,Human,Infection
ERR1514852,14,May,2014,Belgium,Urine,Human,Infection
ERR1514890,18,December,2013,Belgium,Puncture fluids,Human,Infection
ERR1217456,18,October,2014,Italy,Urine,Human,Infection
ERR1228227,2,November,2013,Italy,Urine,Human,Infection
ERR1374960,10,December,2013,United Kingdom (Scotland),Urine,Human,Infection
ERR1514877,30,April,2014,Belgium,Puncture fluids,Human,Infection
ERR1217349,6,January,2014,Italy,Blood,Human,Infection
ERR1374900,5,February,2014,Serbia,Blood,Human,Infection
ERR1204872,23,January,2014,Poland,Blood,Human,Infection
ERR1334442,2,December,2013,Greece,Blood,Human,Infection
ERR1228280,8,April,2014,Hungary,Urine,Human,Infection
ERR1334574,26,February,2014,Spain,Urine,Human,Infection
ERR1289789,24,March,2014,Spain,Urine,Human,Infection
ERR1217027,19,September,2014,Germany,Lower respiratory tract secrection,Human,Infection
ERR1228262,2,November,2013,Hungary,Urine,Human,Infection
ERR1415658,28,December,2013,Romania,Urine,Human,Infection
ERR1541261,7,April,2014,Belgium,Lower respiratory tract secrection,Human,Infection
ERR1415766,22,January,2014,Serbia,Blood,Human,Infection
ERR1217245,3,November,2013,Italy,Wound secretion,Human,Infection
ERR1541352,18,March,2014,Turkey,Urine,Human,Infection
ERR1228208,8,November,2013,Italy,Urine,Human,Infection
ERR1514897,6,January,2014,Belgium,Lower respiratory tract secrection,Human,Infection
ERR1334509,14,January,2014,Spain,Wound secretion,Human,Infection
ERR1374995,2,December,2013,Slovenia,Lower respiratory tract secrection,Human,Colonization
ERR1217355,1,November,2013,Italy,Lower respiratory tract secrection,Human,Infection
ERR1334599,13,December,2013,Greece,Wound secretion,Human,Infection
ERR1228299,26,November,2013,Hungary,Urine,Human,Infection
ERR1374890,12,December,2013,Croatia,Urine,Human,Colonization
ERR1415777,21,November,2013,Serbia,Urine,Human,Infection
ERR1541449,16,January,2014,Turkey,Blood,Human,
ERR1541260,31,March,2014,Belgium,Blood,Human,Infection
ERR1334590,8,March,2014,Greece,Urine,Human,Infection
ERR1541384,4,December,2013,Turkey,Blood,Human,Infection
ERR1374862,14,April,2014,Slovenia,Urine,Human,Infection
ERR1415522,25,November,2013,United Kingdom (England/Wales/N. Ireland),Lower respiratory tract secrection,Human,Infection
ERR1334681,23,November,2013,Portugal,Lower respiratory tract secrection,Human,
ERR1514854,5,June,2014,Belgium,Urine,Human,Colonization
ERR1415785,8,November,2013,Serbia,Lower respiratory tract secrection,Human,
ERR1217445,8,November,2013,Italy,Urine,Human,Infection
ERR1374896,9,December,2013,Serbia,Blood,Human,Infection
ERR1217106,5,February,2014,Israel,Lower respiratory tract secrection,Human,
ERR1415459,5,April,2014,United Kingdom (England/Wales/N. Ireland),Blood,Human,Infection
ERR1514849,2,April,2014,Belgium,Urine,Human,Infection
ERR1228291,6,November,2013,Hungary,Urine,Human,Infection
ERR1374897,11,March,2014,Serbia,Urine,Human,Infection
ERR1334613,15,January,2014,Greece,Urine,Human,Infection
ERR1334731,26,March,2014,Portugal,Other (sputum),Human,Colonization
ERR1228273,6,February,2014,Hungary,Blood,Human,Colonization
ERR1415565,24,March,2014,United Kingdom (England/Wales/N. Ireland),Urine,Human,Infection
ERR1204997,5,November,2013,Austria,Wound secretion,Human,Infection
ERR1541333,26,November,2013,Turkey,Blood,Human,Infection
ERR1415755,25,February,2014,Serbia,Urine,Human,Infection
ERR1228247,20,January,2014,Bulgaria,Blood,Human,Infection
ERR1228196,2,May,2014,Italy,Urine,Human,
ERR1204944,10,March,2014,Czech Republic,Lower respiratory tract secrection,Human,Colonization
ERR1217149,24,February,2014,Israel,Urine,Human,
ERR1217286,14,November,2013,Italy,Urine,Human,Infection
ERR1217196,1,November,2013,Italy,Urine,Human,Colonization
ERR1289731,14,April,2014,Croatia,Lower respiratory tract secrection,Human,Infection
ERR1514887,2,December,2013,Belgium,Lower respiratory tract secrection,Human,
ERR1334619,15,April,2014,Greece,Blood,Human,Infection
ERR1217388,27,January,2014,Italy,Blood,Human,Infection
ERR1289717,16,November,2013,Spain,Urine,Human,Infection
ERR1217432,4,November,2013,Italy,Urine,Human,Infection
ERR1541320,31,December,2013,Turkey,Blood,Human,Infection
ERR1289772,14,February,2014,Greece,Urine,Human,Infection
ERR1228139,4,November,2013,Italy,Urine,Human,Infection
ERR1334426,13,December,2013,Greece,Urine,Human,
ERR1217420,1,November,2013,Italy,Urine,Human,Infection
ERR1415735,29,January,2014,Croatia,Wound secretion,Human,Colonization
ERR1217363,22,November,2013,Italy,Other (peritoneal fluid),Human,Infection
ERR1217372,9,January,2014,Italy,Lower respiratory tract secrection,Human,Colonization
ERR1374875,22,March,2014,United Kingdom (England/Wales/N. Ireland),Urine,Human,Infection
ERR1541305,26,November,2013,Turkey,Urine,Human,Infection
ERR1228245,28,March,2014,Bulgaria,Urine,Human,Infection
ERR1217450,11,November,2013,Italy,Urine,Human,Infection
ERR1334601,13,March,2014,Greece,Wound secretion,Human,Infection
ERR1228243,1,April,2014,Bulgaria,Urine,Human,Infection
ERR1228361,17,November,2013,Spain,Urine,Human,Infection
ERR1204881,22,February,2014,France,Urine,Human,Infection
ERR1374909,9,January,2014,Serbia,Urine,Human,Infection
ERR1289767,7,November,2013,Greece,Wound secretion,Human,Infection
ERR1228253,3,November,2013,Hungary,Urine,Human,Colonization
ERR1514893,22,December,2013,Belgium,Lower respiratory tract secrection,Human,
ERR1415768,12,December,2013,Serbia,Blood,Human,Infection
ERR1228140,4,November,2013,Italy,Urine,Human,Infection
ERR1216974,3,February,2014,Germany,Lower respiratory tract secrection,Human,Infection
ERR1217248,13,November,2013,Italy,Wound secretion,Human,Infection
ERR1415538,9,January,2014,United Kingdom (England/Wales/N. Ireland),Lower respiratory tract secrection,Human,Infection
ERR1375043,7,February,2014,United Kingdom (England/Wales/N. Ireland),Blood,Human,Infection
ERR1514895,2,January,2014,Belgium,Lower respiratory tract secrection,Human,
ERR1217132,1,December,2013,Israel,Wound secretion,Human,
ERR1514858,4,June,2014,Belgium,Blood,Human,Infection
ERR1217417,11,February,2014,Italy,Blood,Human,Infection
ERR1415466,8,April,2014,Romania,Blood,Human,Infection
ERR1415780,30,November,2013,Serbia,Urine,Human,Infection
ERR1514984,28,January,2014,Ireland,Lower respiratory tract secrection,Human,Infection
ERR1228367,28,November,2013,Spain,Wound secretion,Human,Infection
ERR1228210,13,November,2013,Italy,Urine,Human,Infection
ERR1415769,26,February,2014,Serbia,Urine,Human,Infection
ERR1415574,24,April,2014,United Kingdom (England/Wales/N. Ireland),Urine,Human,Infection
ERR1374910,16,December,2013,Serbia,Blood,Human,Infection
ERR1289771,20,January,2014,Greece,Blood,Human,Infection
ERR1374894,4,March,2014,Serbia,Blood,Human,Infection
ERR1415619,3,December,2013,Romania,Urine,Human,Infection
ERR1541403,3,December,2013,Turkey,Urine,Human,Infection
ERR1289719,25,November,2013,Spain,Blood,Human,Infection
ERR1415535,6,January,2014,United Kingdom (England/Wales/N. Ireland),Urine,Human,Infection
ERR1217357,4,November,2013,Italy,Lower respiratory tract secrection,Human,Infection
ERR1415789,27,November,2013,Serbia,Urine,Human,Infection
ERR1514912,12,March,2014,Belgium,Lower respiratory tract secrection,Human,Infection
ERR1217350,20,February,2014,Italy,Wound secretion,Human,
ERR1228272,10,December,2013,Hungary,Wound secretion,Human,Infection
ERR1228391,2,January,2014,Spain,Urine,Human,Colonization
ERR1217296,2,November,2013,Italy,Blood,Human,Infection
ERR1204877,20,November,2013,France,Urine,Human,Colonization
ERR1228404,15,January,2014,Spain,Urine,Human,Infection
ERR1334738,29,March,2014,Portugal,,Human,
ERR1228271,6,December,2013,Hungary,Blood,Human,Infection
ERR1204910,9,December,2013,Slovakia,Other (Tdrain),Human,Infection
ERR1289822,3,July,2014,Spain,Urine,Human,Infection
ERR1217246,4,November,2013,Italy,Urine,Human,Infection
ERR1415687,12,May,2014,Croatia,Urine,Human,Infection
ERR1334636,19,December,2013,Denmark,Blood,Human,Infection
ERR1204932,27,January,2014,Slovakia,Urine,Human,Infection
ERR1228160,29,April,2014,Italy,Urine,Human,Infection
ERR1541553,15,January,2014,Slovakia,Urine,Human,Infection
ERR1204974,6,November,2013,Austria,Urine,Human,Infection
ERR1204878,26,November,2013,France,Blood,Human,Infection
ERR1334673,28,December,2013,Portugal,Urine,Human,
ERR1228401,10,January,2014,Spain,Urine,Human,Infection
ERR1204950,30,April,2014,Czech Republic,Urine,Human,Infection
ERR1217077,6,November,2013,Malta,Urine,Human,Colonization
ERR1415665,21,April,2014,Croatia,Urine,Human,Colonization
ERR1217281,11,November,2013,Italy,Urine,Human,Infection
ERR1415593,6,February,2014,Romania,Urine,Human,
ERR1514996,10,January,2014,Belgium,Lower respiratory tract secrection,Human,Colonization
ERR1374904,13,January,2014,Serbia,Urine,Human,Infection
ERR1217001,24,March,2014,Germany,Other (),Human,Infection
ERR1217216,15,November,2013,Italy,Lower respiratory tract secrection,Human,Infection
ERR1204917,20,November,2013,Slovakia,Lower respiratory tract secrection,Human,Infection
ERR1541351,17,March,2014,Turkey,Urine,Human,Infection
ERR1541293,6,February,2014,Turkey,Urine,Human,Infection
ERR1415761,24,January,2014,Serbia,Urine,Human,Infection
ERR1217278,30,October,2013,Italy,Blood,Human,Infection
ERR1217104,19,February,2014,Israel,Urine,Human,
ERR1289722,6,March,2014,Spain,Urine,Human,Infection
ERR1217162,6,March,2014,Israel,Urine,Human,
ERR1216951,8,December,2013,Germany,Lower respiratory tract secrection,Human,Infection
ERR1204938,4,April,2014,Slovakia,Wound secretion,Human,Infection
ERR1228179,11,April,2014,Italy,Blood,Human,Infection
ERR1228275,20,February,2014,Hungary,Urine,Human,Infection
ERR1228380,17,December,2013,Spain,Urine,Human,Infection
ERR1217390,16,November,2013,Italy,Puncture fluids,Human,Infection
ERR1334650,5,November,2013,Portugal,Blood,Human,
ERR1204867,20,January,2014,Poland,Blood,Human,Infection
ERR1217407,14,April,2014,Italy,Blood,Human,Infection
ERR1334709,3,April,2014,Portugal,Urine,Human,Infection
ERR1217120,19,December,2013,Israel,Urine,Human,
ERR1415627,15,April,2014,Romania,Lower respiratory tract secrection,Human,Infection
ERR1289804,2,January,2014,Spain,Blood,Human,Infection
ERR1334454,10,March,2014,Greece,Blood,Human,Infection
ERR1205015,9,January,2014,Poland,Urine,Human,Infection
ERR1289833,9,November,2013,Spain,Blood,Human,Infection
ERR1514851,14,May,2014,Belgium,Urine,Human,Colonization
ERR1204913,3,March,2014,Slovakia,Other (tonsil swab),Human,Colonization
ERR1334634,7,December,2013,Denmark,Lower respiratory tract secrection,Human,Infection
ERR1228260,2,December,2013,Hungary,Urine,Human,Colonization
ERR1228220,8,February,2014,Italy,Other (vaginal swab),Human,Infection
ERR1204959,24,March,2014,Czech Republic,Lower respiratory tract secrection (aspirate),Human,Infection
ERR1541332,12,January,2014,Turkey,Urine,Human,Infection
ERR1217131,26,November,2013,Israel,Lower respiratory tract secrection,Human,
ERR1205022,19,December,2013,Poland,Blood,Human,Infection
ERR1228392,6,January,2014,Spain,Wound secretion,Human,Infection
ERR1217022,1,December,2013,Germany,Urine,Human,Infection
ERR1334727,27,November,2013,Portugal,Lower respiratory tract secrection,Human,
ERR1415757,26,February,2014,Serbia,Urine,Human,Infection
ERR1217253,4,December,2013,Italy,Blood,Human,Infection
ERR1289827,7,April,2014,Spain,Lower respiratory tract secrection,Human,Infection
ERR1217169,7,April,2014,Israel,Urine,Human,
ERR1217319,10,January,2014,Italy,Urine,Human,Infection
ERR1204908,24,February,2014,Slovakia,Urine,Human,Infection
ERR1228154,15,April,2014,Italy,Other (liquid abdomen),Human,Infection
ERR1415806,24,March,2014,Serbia,Urine,Human,Infection
ERR1541474,13,January,2014,Turkey,Wound secretion,Human,Infection
ERR1204929,1,March,2014,Slovakia,Wound secretion,Human,Infection
ERR1334464,7,March,2014,Greece,Puncture fluids,Human,Infection
ERR1289765,9,November,2013,Greece,Blood,Human,Infection
ERR1217205,9,November,2013,Italy,Wound secretion,Human,Infection
ERR1217468,28,March,2014,Italy,Urine,Human,Infection
ERR1217197,1,January,2013,Italy,Urine,Human,Colonization
ERR1217191,5,November,2013,Italy,Urine,Human,Infection
ERR1228374,8,December,2013,Spain,Blood,Human,Infection
ERR1204970,20,February,2014,Austria,Lower respiratory tract secrection,Human,Infection
ERR1217324,13,January,2014,Italy,Urine,Human,Infection
ERR1415653,17,November,2013,Romania,Blood,Human,Infection
ERR1204949,26,November,2013,Czech Republic,Urine,Human,Infection
ERR1541324,2,December,2013,Turkey,Wound secretion,Human,Infection
ERR1204842,10,March,2014,Poland,Lower respiratory tract secrection,Human,Colonization
ERR1375017,13,March,2014,United Kingdom (England/Wales/N. Ireland),Urine,Human,Infection
ERR1204972,3,November,2013,Austria,Urine,Human,Infection
ERR1334543,16,January,2014,Spain,Blood,Human,Infection
ERR1374978,6,January,2014,Slovenia,Lower respiratory tract secrection,Human,Colonization
ERR1541266,12,March,2014,Belgium,Urine,Human,
ERR1205010,6,February,2014,Poland,Blood,Human,Infection
ERR1541517,2,April,2014,Turkey,Urine,Human,Infection
ERR1541407,24,November,2013,Turkey,Lower respiratory tract secrection,Human,Infection
ERR1374926,7,March,2014,Luxembourg,Other (),Human,Infection
ERR1204956,9,December,2013,Czech Republic,Urine,Human,Infection
ERR1217190,4,November,2013,Italy,Urine,Human,Colonization
ERR1217269,7,November,2013,Italy,Wound secretion,Human,Infection
ERR1228142,16,November,2013,Italy,Urine,Human,Infection
ERR1228353,4,November,2013,Spain,Wound secretion,Human,Infection
ERR1415629,21,April,2014,Romania,Other (pus),Human,Infection
ERR1217186,14,April,2014,Montenegro,Urine,Human,Colonization
ERR1205058,16,April,2014,France,Urine,Human,Infection
ERR1217291,30,December,2013,Italy,Wound secretion,Human,Infection
ERR1217406,7,April,2014,Italy,Urine,Human,Infection
ERR1217380,8,March,2014,Italy,Urine,Human,Infection
ERR1217124,4,December,2013,Israel,Wound secretion,Human,
ERR1204927,17,April,2014,Slovakia,Urine,Human,Colonization
ERR1415590,21,December,2013,Romania,Blood,Human,Infection
ERR1334699,29,March,2014,Portugal,Urine,Human,
ERR1541322,26,November,2013,Turkey,Lower respiratory tract secrection,Human,Infection
ERR1415675,22,January,2014,Croatia,Other (CVC),Human,Infection
ERR1415639,27,November,2013,Romania,Urine,Human,Infection
ERR1415644,10,December,2013,Romania,Urine,Human,Infection
ERR1216978,12,December,2013,Germany,Blood,Human,
ERR1204851,27,November,2013,Poland,Wound secretion,Human,Infection
ERR1205056,25,April,2014,France,Urine,Human,Infection
ERR1541480,30,November,2013,Turkey,Urine,Human,Colonization
ERR1415649,12,December,2013,Romania,Lower respiratory tract secrection,Human,Infection
ERR1415684,18,December,2013,Croatia,Wound secretion,Human,Infection
ERR1289697,17,March,2014,Spain,Urine,Human,Infection
ERR1217202,19,November,2013,Italy,Urine,Human,Colonization
ERR1334685,8,February,2014,Portugal,Urine,Human,Infection
ERR1217031,15,September,2014,Germany,Urine,Human,Infection
ERR1541538,15,September,2013,Turkey,Urine,Human,Infection
ERR1415657,8,December,2013,Romania,Blood,Human,Infection
ERR1541459,19,January,2014,Turkey,Wound secretion,Human,
ERR1334618,13,May,2014,Greece,Urine,Human,
ERR1374880,1,December,2013,Romania,Urine,Human,Infection
ERR1204918,22,November,2013,Slovakia,Lower respiratory tract secrection,Human,Colonization
ERR1415612,16,January,2014,Romania,Urine,Human,Infection
ERR1514925,18,December,2013,Serbia,Urine,Human,
ERR1217111,18,December,2013,Israel,Lower respiratory tract secrection,Human,
ERR1217177,3,February,2014,Montenegro,Urine,Human,Infection
ERR1228192,4,November,2013,Italy,Other (fistula swab),Human,
ERR1217084,5,January,2014,Lithuania,Urine,Human,Infection
ERR1289769,2,November,2013,Greece,Wound secretion,Human,Colonization
ERR1289818,9,April,2014,Spain,Urine,Human,Infection
ERR1415622,16,January,2014,Romania,Urine,Human,Infection
ERR1204900,24,February,2014,France,Other (OTH),Human,Infection
ERR1415481,2,February,2014,Romania,Urine,Human,
ERR1217147,1,February,2014,Israel,Urine,Human,
ERR1217474,12,February,2014,Italy,Blood,Human,Infection
ERR1204909,20,April,2014,Slovakia,Urine,Human,Infection
ERR1541554,10,February,2014,Czech Republic,Urine,Human,Colonization
ERR1334710,4,April,2014,Portugal,Other (pus),Human,Infection
ERR1204836,10,March,2014,Estonia,Urine,Human,Infection
ERR1415647,10,December,2013,Romania,Wound secretion,Human,Infection
ERR1415728,7,November,2013,Croatia,Blood,Human,Infection
ERR1204824,20,January,2014,Austria,Blood,Human,Infection
ERR1204923,15,January,2014,Slovakia,Urine,Human,Infection
ERR1541507,8,May,2014,Turkey,Urine,Human,Infection
ERR1289713,19,November,2013,Spain,Urine,Human,Infection
ERR1204873,25,January,2014,Poland,Urine,Human,Infection
ERR1541362,16,November,2013,Turkey,Urine,Human,Infection
ERR1204871,18,January,2014,Poland,Urine,Human,Colonization
ERR1204960,26,November,2013,Czech Republic,Urine,Human,Infection
ERR1204850,14,January,2014,Poland,Wound secretion,Human,Infection
ERR1217344,31,January,2014,Italy,Blood,Human,
ERR1205059,19,February,2014,France,Other (OTH),Human,Colonization
ERR1228350,12,November,2013,Spain,Wound secretion,Human,Infection
ERR1541327,31,December,2013,Turkey,Blood,Human,Infection
ERR1217105,29,January,2014,Israel,Lower respiratory tract secrection,Human,
ERR1289813,18,March,2014,Spain,Wound secretion,Human,Infection
ERR1217302,13,December,2013,Italy,Blood,Human,Infection
ERR1217230,17,November,2013,Italy,Blood,Human,Infection
ERR1541502,31,October,2013,Turkey,Urine,Human,Infection
ERR1217426,14,April,2014,Italy,Blood,Human,Infection
ERR1415615,16,April,2014,Romania,Urine,Human,Infection
ERR1541443,14,March,2014,Turkey,Urine,Human,Infection
ERR1415718,15,December,2013,Croatia,Urine,Human,Infection
ERR1217015,10,October,2012,Germany,Urine,Human,Infection
ERR1216970,26,November,2013,Germany,Urine,Human,
ERR1514884,23,November,2013,Belgium,Puncture fluids,Human,Infection
ERR1514896,2,January,2014,Belgium,Wound secretion,Human,Infection
ERR1204948,25,November,2013,Czech Republic,Urine,Human,Infection
ERR1541512,28,November,2013,Turkey,Lower respiratory tract secrection,Human,Infection
ERR1415742,9,January,2014,Croatia,Urine,Human,Infection
ERR1334725,27,March,2014,Portugal,Urine,Human,Infection
ERR1216966,10,February,2014,Germany,Blood,Human,Infection
ERR1289823,28,March,2014,Spain,Lower respiratory tract secrection,Human,Infection
ERR1217201,18,November,2013,Italy,Lower respiratory tract secrection,Human,Infection
ERR1204863,28,December,2013,Poland,Urine,Human,Infection
ERR1514944,15,November,2013,Ireland,Other (swab),Human,Colonization
ERR1228373,6,December,2013,Spain,Puncture fluids,Human,Infection
ERR1541335,10,January,2014,Turkey,Urine,Human,Infection
ERR1217068,16,November,2013,Malta,Urine,Human,Colonization
ERR1216969,17,February,2014,Germany,Lower respiratory tract secrection,Human,Infection
ERR1204903,24,July,2014,France,Blood,Human,Infection
ERR1541290,24,January,2014,Turkey,Urine,Human,Infection
ERR1217311,17,January,2014,Italy,Blood,Human,Infection
ERR1217128,25,November,2013,Israel,Urine,Human,
ERR1334653,14,November,2013,Portugal,Urine,Human,
ERR1514961,25,January,2014,Ireland,Urine,Human,Infection
ERR1415807,24,March,2014,Serbia,Lower respiratory tract secrection,Human,Colonization
ERR1217038,1,October,2014,Germany,Wound secretion,Human,Infection
ERR1415754,26,February,2014,Serbia,Blood,Human,Infection
ERR1289762,14,January,2014,Greece,Blood,Human,Infection
ERR1228379,28,November,2013,Spain,Urine,Human,Infection
ERR1217389,22,April,2014,Italy,Urine,Human,Infection
ERR1334449,30,January,2014,Greece,Urine,Human,Colonization
ERR1415613,19,January,2014,Romania,Urine,Human,Infection
ERR1334728,31,December,2013,Portugal,Urine,Human,
ERR1204940,12,December,2013,Slovakia,Urine,Human,Colonization
ERR1541354,20,January,2014,Turkey,Urine,Human,Infection
ERR1217336,15,December,2013,Italy,Blood,Human,
ERR1541437,6,November,2013,Turkey,Urine,Human,Infection
ERR1217188,23,December,2013,Montenegro,Urine,Human,Colonization
ERR1541292,15,February,2014,Turkey,Urine,Human,Infection
ERR1514865,23,May,2014,Belgium,Urine,Human,
ERR1541414,20,November,2013,Turkey,Blood,Human,Infection
ERR1334684,7,February,2014,Portugal,Urine,Human,Infection
ERR1217142,9,December,2013,Israel,Urine,Human,
ERR1374884,13,March,2014,Croatia,Urine,Human,Colonization
ERR1217092,19,March,2014,Israel,Blood,Human,Infection
ERR1228345,6,November,2013,Spain,Puncture fluids,Human,Infection
ERR1289841,2,January,2014,Spain,Blood,Human,Infection
ERR1228398,3,January,2014,Spain,Puncture fluids,Human,Infection
ERR1334507,18,December,2013,Denmark,Lower respiratory tract secrection,Human,Colonization
ERR1289857,25,March,2014,Spain,Lower respiratory tract secrection,Human,Infection
ERR1217217,9,November,2013,Italy,Urine,Human,Infection
ERR1334609,24,March,2014,Greece,Urine,Human,Infection
ERR1217141,6,December,2013,Israel,Urine,Human,
ERR1217272,8,November,2013,Italy,Other (bile),Human,Infection
ERR1334672,8,January,2014,Portugal,Blood,Human,Infection
ERR1204976,24,January,2014,Austria,Wound secretion (swab),Human,Colonization
ERR1541330,10,November,2013,Turkey,Blood,Human,Infection
ERR1217158,27,March,2014,Israel,Urine,Human,
ERR1541465,11,March,2014,Turkey,Blood,Human,Infection
ERR1289760,3,February,2014,Greece,Urine,Human,Infection
ERR1217375,9,December,2013,Italy,Blood,Human,Infection
ERR1228230,15,February,2014,Italy,Urine,Human,Infection
ERR1217058,1,November,2013,Malta,Wound secretion,Human,Infection
ERR1334652,11,November,2013,Portugal,Urine,Human,
ERR1514866,19,November,2013,Belgium,Urine,Human,Infection
ERR1514924,18,March,2014,Belgium,Blood,Human,Infection
ERR1541401,19,November,2013,Turkey,Puncture fluids,Human,Infection
ERR1334688,7,February,2014,Portugal,Urine,Human,
ERR1415774,26,March,2014,Serbia,Wound secretion,Human,Infection
ERR1205049,9,April,2014,France,Urine,Human,Infection
ERR1204815,2,April,2014,Austria,Urine,Human,Infection
ERR1217243,27,November,2013,Italy,Other (intraabdominal abscess),Human,Infection
ERR1289805,13,January,2014,Spain,Blood,Human,Infection
ERR1289850,19,March,2014,Spain,Other (abscess),Human,Infection
ERR1334418,26,November,2013,Greece,Blood,Human,Infection
ERR1375031,26,November,2013,United Kingdom (England/Wales/N. Ireland),Blood,Human,Infection
ERR1228178,2,February,2014,Italy,Blood,Human,Infection
ERR1334475,30,January,2014,Greece,Blood,Human,Infection
ERR1217072,30,November,2013,Malta,Blood,Human,Infection
ERR1217109,7,December,2013,Israel,Urine,Human,
ERR1334499,7,May,2014,Greece,Urine,Human,
ERR1334715,9,April,2014,Portugal,Blood,Human,
ERR1374917,8,January,2014,Luxembourg,Other (),Human,Infection
ERR1375016,8,November,2013,United Kingdom (England/Wales/N. Ireland),Urine,Human,Infection
ERR1217076,6,November,2013,Malta,Urine,Human,Infection
ERR1217153,27,November,2013,Israel,Blood,Human,Infection
ERR1217090,25,December,2013,Israel,Blood,Human,Infection
ERR1216991,4,August,2014,Germany,Urine,Human,Infection
ERR1217274,11,November,2013,Italy,Blood,Human,Infection
ERR1415581,16,December,2013,United Kingdom (England/Wales/N. Ireland),Blood,Human,Infection
ERR1217480,15,March,2014,Latvia,Urine,Human,Infection
ERR1217178,10,February,2014,Montenegro,Other (tracheoflex),Human,Colonization
ERR1289723,6,March,2014,Spain,Blood,Human,Infection
ERR1216981,24,March,2014,Germany,Lower respiratory tract secrection,Human,
ERR1541284,6,February,2014,Turkey,Blood,Human,Infection
ERR1228185,4,November,2013,Italy,Lower respiratory tract secrection,Human,
ERR1228191,3,February,2014,Italy,Urine,Human,
ERR1415632,28,April,2014,Romania,Wound secretion,Human,Infection
ERR1514872,22,March,2014,Belgium,Blood,Human,Infection
ERR1415692,19,January,2014,Croatia,Urine,Human,Infection
ERR1216967,7,February,2014,Germany,Urine,Human,Infection
ERR1228198,2,May,2014,Italy,Lower respiratory tract secrection,Human,
ERR1217434,11,April,2014,Italy,Urine,Human,Infection
ERR1541344,26,November,2013,Turkey,Urine,Human,Infection
ERR1415744,19,February,2014,Croatia,Urine,Human,Infection
ERR1289696,28,March,2014,Spain,Other (abscess),Human,Infection
ERR1415542,23,January,2014,United Kingdom (England/Wales/N. Ireland),Urine,Human,Infection
ERR1415490,16,November,2013,Romania,Wound secretion,Human,Infection
ERR1217249,26,November,2013,Italy,Other (BS),Human,Infection
ERR1334519,30,December,2013,Spain,Urine,Human,Infection
ERR1514999,18,March,2014,Belgium,Wound secretion,Human,Colonization
ERR1217341,30,December,2013,Italy,Blood,Human,Infection
ERR1415693,6,March,2014,Croatia,Urine,Human,Infection
ERR1415720,16,December,2013,Croatia,Lower respiratory tract secrection,Human,Colonization
ERR1217152,4,April,2014,Israel,Blood,Human,Infection
ERR1541483,18,December,2013,Turkey,Urine,Human,Infection
ERR1228344,6,November,2013,Spain,Lower respiratory tract secrection,Human,Infection
ERR1334655,15,November,2013,Portugal,Lower respiratory tract secrection,Human,
ERR1514934,21,February,2014,Serbia,Urine,Human,Infection
ERR1415770,11,March,2014,Serbia,Urine,Human,Infection
ERR1334663,28,December,2013,Portugal,Urine,Human,
ERR1217033,15,September,2014,Germany,Urine,Human,Infection
ERR1217261,1,November,2013,Italy,Wound secretion,Human,Infection
ERR1541331,3,January,2014,Turkey,Blood,Human,Infection
ERR1289701,30,January,2014,Spain,Urine,Human,Colonization
ERR1334632,3,December,2013,Serbia,Urine,Human,Infection
ERR1205070,25,April,2014,France,Urine,Human,Colonization
ERR1334469,8,February,2014,Greece,Urine,Human,Infection
ERR1334616,4,May,2014,Greece,Blood,Human,
ERR1205054,28,April,2014,France,Blood,Human,Infection
ERR1216992,17,March,2014,Germany,Blood,Human,Infection
ERR1415614,12,April,2014,Romania,Urine,Human,Infection
ERR1415809,24,March,2014,Serbia,Lower respiratory tract secrection,Human,Colonization
ERR1334735,14,March,2014,Portugal,,Human,
ERR1374903,26,November,2013,Serbia,Urine,Human,Infection
ERR1204962,16,January,2014,Czech Republic,Urine,Human,Infection
ERR1204902,28,April,2014,France,Other (OTH),Human,Infection
ERR1334668,5,January,2014,Portugal,Urine,Human,Infection
ERR1415549,19,February,2014,United Kingdom (England/Wales/N. Ireland),Urine,Human,Infection
ERR1205001,22,November,2013,Estonia,Wound secretion,Human,Infection
ERR1541513,5,November,2013,Turkey,Lower respiratory tract secrection,Human,Infection
ERR1541411,19,November,2013,Turkey,Blood,Human,Infection
ERR1217415,8,January,2014,Italy,Urine,Human,Infection
ERR1204827,27,March,2014,Austria,Lower respiratory tract secrection,Human,Infection
ERR1514952,9,January,2014,Ireland,Lower respiratory tract secrection,Human,Infection
ERR1217175,27,January,2014,Montenegro,Other (central venous catheter),Human,
ERR1541471,9,December,2013,Turkey,Blood,Human,Infection
ERR1334740,22,January,2014,France,Urine,Human,Infection
ERR1217451,10,December,2013,Italy,Urine,Human,Colonization
ERR1204943,24,March,2014,Czech Republic,Wound secretion,Human,Colonization
ERR1514993,17,December,2013,Belgium,Lower respiratory tract secrection,Human,Colonization
ERR1541547,23,January,2014,Poland,Lower respiratory tract secrection,Human,Infection
ERR1217003,28,March,2014,Germany,Wound secretion,Human,Infection
ERR1541291,10,March,2014,Turkey,Urine,Human,Infection
ERR1228270,26,November,2013,Hungary,Urine,Human,Infection
ERR1204905,21,January,2014,Slovakia,Lower respiratory tract secrection,Human,Colonization
ERR1204951,27,November,2013,Czech Republic,Urine,Human,Colonization
ERR1228189,9,December,2013,Italy,Lower respiratory tract secrection,Human,
ERR1204891,24,February,2014,France,Blood,Human,Infection
ERR1228249,12,November,2013,Hungary,Urine,Human,Infection
ERR1415672,23,April,2014,Croatia,Blood,Human,Infection
ERR1415706,4,November,2013,Croatia,Urine,Human,Infection
ERR1289705,27,April,2014,Spain,Urine,Human,Infection
ERR1204817,26,January,2014,Austria,Wound secretion,Human,Infection
ERR1334485,27,March,2014,Greece,Urine,Human,Infection
ERR1204861,12,January,2014,Poland,Lower respiratory tract secrection,Human,Infection
ERR1204978,10,November,2013,France,Other (OTH),Human,Colonization
ERR1217227,24,November,2013,Italy,Blood,Human,Infection
ERR1415678,22,April,2014,Croatia,Urine,Human,Infection
ERR1415704,20,January,2014,Croatia,Lower respiratory tract secrection,Human,Infection
ERR1415711,18,November,2013,Croatia,Lower respiratory tract secrection,Human,Colonization
ERR1205011,7,February,2014,Poland,Urine,Human,Colonization
ERR1374989,11,April,2014,Slovenia,Urine,Human,Infection
ERR1541549,16,December,2013,Slovakia,Urine,Human,Infection
ERR1289728,7,November,2013,Luxembourg,Other (),Human,Infection
ERR1217225,22,November,2013,Italy,Lower respiratory tract secrection,Human,Infection
ERR1289724,7,April,2014,Spain,Urine,Human,Infection
ERR1415765,21,November,2013,Serbia,Blood,Human,Infection
ERR1217287,2,December,2013,Italy,Other (drainage),Human,Infection
ERR1289817,5,April,2014,Spain,Lower respiratory tract secrection,Human,Infection
ERR1217179,13,February,2014,Montenegro,Other (tube),Human,Colonization
ERR1334473,15,December,2013,Greece,Blood,Human,Infection
ERR1541434,9,March,2014,Turkey,Lower respiratory tract secrection,Human,Infection
ERR1217315,7,January,2014,Italy,Blood,Human,Infection
ERR1205009,19,November,2013,Estonia,Urine,Human,Infection
ERR1228214,25,November,2013,Italy,Lower respiratory tract secrection,Human,Infection
ERR1541536,12,September,2013,Turkey,Urine,Human,Infection
ERR1217176,28,January,2014,Montenegro,Blood,Human,Infection
ERR1541470,9,December,2013,Turkey,Urine,Human,Colonization
ERR1217330,22,January,2014,Italy,Lower respiratory tract secrection,Human,Infection
ERR1541563,11,November,2013,Lithuania,Urine,Human,Infection
ERR1334648,15,January,2014,Denmark,Urine,Human,
ERR1334503,29,November,2013,Serbia,Puncture fluids,Human,Infection
ERR1217371,4,April,2014,Italy,Urine,Human,
ERR1217013,1,November,2013,Germany,Wound secretion,Human,Infection
ERR1204854,25,January,2014,Poland,Blood,Human,Infection
ERR1374994,26,November,2013,Slovenia,Lower respiratory tract secrection,Human,
ERR1217185,24,March,2014,Montenegro,Other (tube),Human,Colonization
ERR1217294,4,January,2014,Italy,Puncture fluids,Human,Infection
ERR1415677,4,November,2013,Croatia,Blood,Human,Infection
ERR1334482,21,March,2014,Greece,Puncture fluids,Human,Infection
ERR1204846,13,December,2013,Poland,Urine,Human,Infection
ERR1334733,27,November,2013,Portugal,Urine,Human,
ERR1415475,11,February,2014,Romania,Urine,Human,Infection
ERR1217421,25,March,2014,Italy,Urine,Human,Infection
ERR1204924,7,April,2014,Slovakia,Urine,Human,Colonization
ERR1415631,28,April,2014,Romania,Wound secretion,Human,Infection
ERR1334611,23,December,2013,Greece,Blood,Human,Infection
ERR1216955,6,January,2014,Germany,Urine,Human,Colonization
ERR1374914,5,December,2013,Luxembourg,Wound secretion,Human,Infection
ERR1228278,27,April,2014,Hungary,Wound secretion,Human,Infection
ERR1228146,19,March,2014,Italy,Blood,Human,Infection
ERR1415699,17,March,2014,Croatia,Urine,Human,Infection
ERR1541473,13,December,2013,Turkey,Blood,Human,Infection
ERR1334678,23,January,2014,Portugal,Other (pus),Human,
ERR1217167,25,March,2014,Israel,Urine,Human,
ERR1289738,29,November,2013,Greece,Lower respiratory tract secrection,Human,
ERR1334729,8,January,2014,Portugal,Urine,Human,Infection
ERR1415645,10,December,2013,Romania,Urine,Human,Infection
ERR1334691,3,March,2014,Portugal,Urine,Human,Infection
ERR1514909,12,February,2014,Belgium,Blood,Human,Infection
ERR1334722,15,February,2014,Portugal,Urine,Human,Infection
ERR1415460,13,January,2014,Romania,Urine,Human,Infection
ERR1334497,19,March,2014,Greece,Urine,Human,Infection
ERR1334494,25,January,2014,Greece,Urine,Human,Infection
ERR1334707,26,March,2014,Portugal,Other (catheter),Human,
ERR1217244,2,November,2013,Italy,Blood,Human,Infection
ERR1228269,23,November,2013,Hungary,Wound secretion,Human,Infection
ERR1541367,20,January,2014,Turkey,Wound secretion,Human,Infection
ERR1289730,27,November,2013,Luxembourg,Urine,Human,Infection
ERR1289800,24,March,2014,Spain,Blood,Human,Infection
ERR1289848,11,March,2014,Spain,Lower respiratory tract secrection,Human,Colonization
ERR1415626,10,March,2014,Romania,Urine,Human,Infection
ERR1514864,22,May,2014,Belgium,Urine,Human,
ERR1228298,26,November,2013,Hungary,Urine,Human,Infection
ERR1374947,23,January,2014,United Kingdom (Scotland),Urine,Human,Infection
ERR1217155,27,January,2014,Israel,Other (bile),Human,
ERR1217091,19,March,2014,Israel,Blood,Human,Infection
ERR1217423,27,March,2014,Italy,Lower respiratory tract secrection,Human,Infection
ERR1514892,26,December,2013,Belgium,Lower respiratory tract secrection,Human,Colonization
ERR1541569,12,November,2013,Italy,Urine,Human,Infection
ERR1415741,16,February,2014,Croatia,Blood,Human,Infection
ERR1415633,30,April,2014,Romania,Urine,Human,Infection
ERR1334550,19,February,2014,Spain,Urine,Human,Infection
ERR1205018,13,January,2014,Poland,Lower respiratory tract secrection,Human,Infection
ERR1334642,17,March,2014,Denmark,Urine,Human,Infection
ERR1217028,19,September,2014,Germany,Wound secretion,Human,Infection
ERR1204989,1,November,2013,Czech Republic,Urine,Human,Colonization
ERR1204990,8,November,2013,Czech Republic,Urine,Human,Colonization
ERR1415605,24,November,2013,Romania,Urine,Human,Infection
ERR1415666,13,March,2014,Croatia,Urine,Human,Infection
ERR1541568,13,November,2013,Italy,Urine,Human,Colonization
ERR1216968,5,February,2014,Germany,Other (catheter tip),Human,Infection
ERR1541430,28,April,2014,Turkey,Urine,Human,Infection
ERR1204926,8,April,2014,Slovakia,Wound secretion,Human,Infection
ERR1541543,26,December,2013,Austria,Wound secretion,Human,Infection
ERR1541349,14,April,2014,Turkey,Wound secretion,Human,Infection
ERR1217085,8,November,2013,Lithuania,Blood,Human,Infection
ERR1415717,2,December,2013,Croatia,Puncture fluids,Human,Colonization
ERR1217080,20,January,2014,Lithuania,Wound secretion,Human,Infection
ERR1205033,20,December,2013,France,Urine,Human,Infection
ERR1514846,10,February,2014,Belgium,Lower respiratory tract secrection,Human,Infection
ERR1204866,7,November,2013,Poland,Lower respiratory tract secrection,Human,Colonization
ERR1415705,20,January,2014,Croatia,Urine,Human,Infection
ERR1228377,10,December,2013,Spain,Wound secretion,Human,Infection
ERR1541431,3,December,2013,Turkey,Wound secretion,Human,Infection
ERR1541567,11,November,2013,Italy,Urine,Human,Infection
ERR1415682,21,February,2014,Croatia,Urine,Human,Infection
ERR1541294,1,January,2014,Turkey,Urine,Human,Infection
ERR1415492,4,December,2013,Romania,Wound secretion,Human,Infection
ERR1415824,6,February,2014,Serbia,Urine,Human,Infection
ERR1217067,16,November,2013,Malta,Urine,Human,
ERR1204892,25,April,2014,France,Urine,Human,Infection
ERR1514990,20,December,2013,Belgium,Blood,Human,Infection
ERR1217218,12,November,2013,Italy,Blood,Human,Infection
ERR1374919,9,January,2014,Luxembourg,Other (),Human,Infection
ERR1204975,3,January,2014,Austria,Blood,Human,Infection
ERR1205040,20,January,2014,France,Urine,Human,Infection
ERR1289815,8,April,2014,Spain,Wound secretion,Human,Colonization
ERR1374883,11,December,2013,Romania,Urine,Human,Infection
ERR1515002,12,January,2014,Belgium,Blood,Human,Infection
ERR1541376,29,November,2013,Turkey,Blood,Human,Infection
ERR1415618,29,November,2013,Romania,Urine,Human,Infection
ERR1334695,14,March,2014,Portugal,Urine,Human,
ERR1204994,12,February,2014,Czech Republic,Lower respiratory tract secrection,Human,Infection
ERR1289832,30,April,2014,Spain,Urine,Human,Infection
ERR1334660,12,December,2013,Portugal,Urine,Human,
ERR1541559,5,March,2014,Czech Republic,Lower respiratory tract secrection,Human,Infection
ERR1204882,24,February,2014,France,Urine,Human,Infection
ERR1217467,22,November,2013,Italy,Urine,Human,Infection
ERR1204971,23,November,2013,Austria,Urine,Human,Infection
ERR1415571,10,April,2014,United Kingdom (England/Wales/N. Ireland),Urine,Human,Infection
ERR1541425,18,February,2014,Turkey,Urine,Human,Infection
ERR1541464,4,February,2014,Turkey,Urine,Human,Infection
ERR1217187,23,December,2013,Montenegro,Wound secretion,Human,Infection
ERR1217312,2,January,2014,Italy,Puncture fluids,Human,Infection
ERR1541542,28,January,2014,Austria,Urine,Human,Infection
ERR1205013,14,November,2013,Poland,Urine,Human,Infection
ERR1334692,27,February,2014,Portugal,Other (pus),Human,Infection
ERR1217140,17,December,2013,Israel,Wound secretion,Human,
ERR1217083,7,March,2014,Lithuania,Urine,Human,Infection
ERR1205031,3,December,2013,Poland,Wound secretion (stomach tissue),Human,Infection
ERR1334438,10,January,2014,Greece,Lower respiratory tract secrection,Human,Infection
ERR1541317,3,December,2013,Turkey,Lower respiratory tract secrection,Human,Infection
ERR1334582,13,March,2014,Greece,Urine,Human,Infection
ERR1217130,23,April,2014,Israel,Blood,Human,Infection
ERR1415648,12,December,2013,Romania,Urine,Human,Infection
ERR1289699,17,March,2014,Spain,Lower respiratory tract secrection,Human,Infection
ERR1205041,20,January,2014,France,Urine,Human,Infection
ERR1217233,18,November,2013,Italy,Other (vascular prosthesis),Human,Infection
ERR1415555,28,February,2014,United Kingdom (England/Wales/N. Ireland),Urine,Human,Infection
ERR1541550,2,January,2014,Slovakia,Wound secretion,Human,Infection
ERR1541506,8,May,2014,Turkey,Urine,Human,Infection
ERR1289751,1,December,2013,Greece,Blood,Human,Infection
ERR1217172,23,January,2014,Montenegro,Blood,Human,Infection
ERR1415588,25,December,2013,Romania,Urine,Human,Infection
ERR1415799,15,February,2014,Serbia,Blood,Human,Infection
ERR1374869,8,November,2013,United Kingdom (England/Wales/N. Ireland),Urine,Human,Infection
ERR1228400,28,December,2013,Spain,Urine,Human,Infection
ERR1514906,17,December,2013,Belgium,Lower respiratory tract secrection,Human,
ERR1415484,4,December,2013,Romania,Blood,Human,Infection
ERR1217321,8,January,2014,Italy,Lower respiratory tract secrection,Human,Infection
ERR1217397,11,April,2014,Italy,Blood,Human,Infection
ERR1514914,14,March,2014,Belgium,Lower respiratory tract secrection,Human,Infection
ERR1217337,16,December,2013,Italy,Blood,Human,Infection
ERR1374887,6,November,2013,Croatia,Other (catheter),Human,Infection
ERR1415584,20,December,2013,Romania,Urine,Human,Infection
ERR1217103,19,February,2014,Israel,Urine,Human,
ERR1541307,2,December,2013,Turkey,Urine,Human,Infection
ERR1541548,2,January,2014,France,Blood,Human,Infection
ERR1541420,19,November,2013,Turkey,Puncture fluids,Human,Infection
ERR1228387,30,December,2013,Spain,Blood,Human,disease
ERR1289773,28,February,2014,Greece,Wound secretion,Human,Infection
ERR1217204,22,November,2013,Italy,Urine,Human,Colonization
ERR1205019,18,March,2014,Poland,Urine,Human,Infection
ERR1228173,6,March,2014,Italy,Blood,Human,Infection
ERR1217368,29,January,2014,Italy,Lower respiratory tract secrection,Human,Infection
ERR1204849,17,December,2013,Poland,Urine,Human,Infection
ERR1415604,22,November,2013,Romania,Urine,Human,Infection
ERR1334420,24,November,2013,Greece,Puncture fluids,Human,Infection
ERR1228162,30,December,2013,Italy,Wound secretion,Human,Colonization
ERR1217283,10,November,2013,Italy,Blood,Human,Infection
ERR1217133,1,December,2013,Israel,Lower respiratory tract secrection,Human,
ERR1228149,19,March,2014,Italy,Blood,Human,Infection
ERR1228359,29,November,2013,Spain,Wound secretion,Human,Colonization
ERR1216956,12,January,2014,Germany,Lower respiratory tract secrection,Human,
ERR1415673,27,January,2014,Croatia,Blood,Human,Infection
ERR1204967,3,March,2014,Austria,Wound secretion,Human,Infection
ERR1334682,12,February,2014,Portugal,Urine,Human,Infection
ERR1541565,20,November,2013,Israel,Blood,Human,Infection
ERR1334617,9,May,2014,Greece,Other (bile),Human,
ERR1334675,29,January,2014,Portugal,Urine,Human,Infection
ERR1514918,26,March,2014,Belgium,Lower respiratory tract secrection,Human,Infection
ERR1541408,24,November,2013,Turkey,Blood,Human,Infection
ERR1217437,26,February,2014,Italy,Other (membrane bone implants),Human,Infection
ERR1541545,7,January,2014,Poland,Urine,Human,Colonization
ERR1217439,5,November,2013,Italy,Urine,Human,Infection
ERR1228193,31,January,2014,Italy,Other (throat swab),Human,
ERR1415458,3,April,2014,United Kingdom (England/Wales/N. Ireland),Blood,Human,Infection
ERR1334705,6,April,2014,Portugal,Urine,Human,
ERR1374881,3,December,2013,Romania,Urine,Human,Infection
ERR1217453,12,December,2013,Italy,Urine,Human,Infection
ERR1217236,11,November,2013,Italy,Blood,Human,Infection
ERR1217259,6,January,2014,Italy,Blood,Human,Infection
ERR1541259,27,March,2014,Belgium,Wound secretion,Human,Infection
ERR1334603,5,April,2014,Greece,Other (CVC),Human,Colonization
ERR1514870,5,January,2014,Belgium,Blood,Human,Infection
ERR1415616,17,April,2014,Romania,Blood,Human,Infection
ERR1415610,18,December,2013,Romania,Urine,Human,Infection
ERR1205063,14,April,2014,France,Urine,Human,Colonization
ERR1217325,13,January,2014,Italy,Other (drainage),Human,Infection
ERR1217454,4,December,2013,Italy,Urine,Human,Infection
ERR1217270,8,November,2013,Italy,Urine,Human,Infection
ERR1415638,27,November,2013,Romania,Lower respiratory tract secrection,Human,Infection
ERR1217413,2,December,2013,Italy,Urine,Human,Infection
ERR1541440,3,December,2013,Turkey,Lower respiratory tract secrection,Human,Infection
ERR1334472,18,November,2013,Greece,Blood,Human,Infection
ERR1228265,6,November,2013,Hungary,Puncture fluids,Human,Colonization
ERR1217476,23,February,2014,Italy,Wound secretion,Human,Infection
ERR1334743,4,November,2013,Italy,Urine,Human,Infection
ERR1334641,30,March,2014,Denmark,Blood,Human,Infection
ERR1217127,20,January,2014,Israel,Blood,Human,Infection
ERR1541456,20,February,2014,Turkey,Lower respiratory tract secrection,Human,
ERR1204814,14,April,2014,Austria,Wound secretion,Human,Colonization
ERR1334606,22,March,2014,Greece,Urine,Human,Infection
ERR1217313,7,February,2014,Italy,Puncture fluids,Human,Infection
ERR1217223,22,November,2013,Italy,Blood,Human,Infection
ERR1374918,30,April,2014,Luxembourg,Other (),Human,Infection
ERR1514850,13,May,2014,Belgium,Urine,Human,Infection
ERR1204874,20,December,2013,France,Urine,Human,Infection
ERR1541510,11,December,2013,Turkey,Blood,Human,Infection
ERR1217402,10,February,2014,Italy,Blood,Human,Infection
ERR1217146,31,January,2014,Israel,Urine,Human,
ERR1228403,9,January,2014,Spain,Urine,Human,Infection
ERR1289856,8,January,2014,Spain,Urine,Human,Infection
ERR1334424,4,December,2013,Greece,Urine,Human,Infection
ERR1415737,7,January,2014,Croatia,Urine,Human,Infection
ERR1204922,15,January,2014,Slovakia,Urine,Human,Infection
ERR1334651,4,November,2013,Portugal,Urine,Human,Infection
ERR1217026,19,September,2014,Germany,Lower respiratory tract secrection,Human,Infection
ERR1334730,31,January,2014,Portugal,Blood,Human,Infection
ERR1415564,22,March,2014,United Kingdom (England/Wales/N. Ireland),Urine,Human,Infection
ERR1204875,28,November,2013,France,Urine,Human,Infection
ERR1541570,17,November,2013,Italy,Blood,Human,Infection
ERR1217400,3,January,2014,Italy,Blood,Human,Infection
ERR1415585,24,December,2013,Romania,Urine,Human,Infection
ERR1374916,1,January,2014,Luxembourg,Other (),Human,Infection
ERR1216963,23,January,2014,Germany,Other (abdominal),Human,Infection
ERR1289843,12,February,2014,Spain,Blood,Human,Infection
ERR1289732,31,March,2014,Croatia,Lower respiratory tract secrection,Human,Infection
ERR1204912,16,December,2013,Slovakia,Urine,Human,Infection
ERR1541540,22,September,2013,Turkey,Blood,Human,Infection
ERR1514882,21,November,2013,Belgium,Lower respiratory tract secrection,Human,
ERR1541446,8,January,2014,Turkey,Urine,Human,Infection
ERR1541265,4,March,2014,Belgium,Urine,Human,
ERR1217117,13,February,2014,Israel,Urine,Human,
ERR1289711,4,November,2013,Spain,Urine,Human,Infection
ERR1204857,15,March,2014,Poland,Urine,Human,Infection
ERR1334638,26,March,2014,Denmark,Blood,Human,Infection
ERR1514955,12,December,2013,Ireland,Blood,Human,Infection
ERR1541410,16,February,2014,Turkey,Urine,Human,Infection
ERR1541438,28,April,2014,Turkey,Lower respiratory tract secrection,Human,Infection
ERR1217470,21,March,2014,Italy,Blood,Human,Infection
ERR1514964,17,February,2014,Ireland,Blood,Human,Infection
ERR1204848,19,November,2013,Poland,Lower respiratory tract secrection,Human,Colonization
ERR1204957,24,February,2014,Czech Republic,Lower respiratory tract secrection,Human,Infection
ERR1415463,4,March,2014,Romania,Wound secretion,Human,
ERR1514927,12,February,2014,Serbia,Urine,Human,Infection
ERR1216950,10,December,2013,Germany,Lower respiratory tract secrection,Human,Infection
ERR1415539,13,January,2014,United Kingdom (England/Wales/N. Ireland),Urine,Human,Infection
ERR1289747,5,January,2014,Greece,Other (CVC),Human,Infection
ERR1289720,24,February,2014,Spain,Urine,Human,Infection
ERR1514860,5,June,2014,Belgium,Urine,Human,Infection
ERR1415599,28,February,2014,Romania,Blood,Human,
ERR1217063,10,November,2013,Malta,Urine,Human,
ERR1217255,4,December,2013,Italy,Blood,Human,Infection
ERR1205029,24,December,2013,Poland,Blood,Human,Infection
ERR1334654,14,November,2013,Portugal,Urine,Human,
ERR1415802,28,January,2014,Serbia,Urine,Human,
ERR1289763,1,November,2013,Greece,Puncture fluids,Human,Infection
ERR1415758,26,February,2014,Serbia,Urine,Human,Infection
ERR1514905,5,February,2014,Belgium,Wound secretion,Human,Infection
ERR1217165,30,April,2014,Israel,Urine,Human,
ERR1228341,4,November,2013,Spain,Blood,Human,Infection
ERR1415820,25,March,2014,Serbia,Blood,Human,Infection
ERR1415779,22,November,2013,Serbia,Urine,Human,Infection
ERR1374902,14,November,2013,Serbia,Urine,Human,Infection
ERR1217264,3,November,2013,Italy,Blood,Human,Infection
ERR1289726,29,April,2014,Spain,Urine,Human,Infection
ERR1216985,4,April,2014,Germany,Blood,Human,Infection
ERR1204839,14,April,2014,Estonia,Wound secretion,Human,Infection
ERR1228274,31,January,2014,Hungary,Blood,Human,Infection
ERR1217231,4,November,2013,Italy,Wound secretion,Human,Infection
ERR1217069,16,November,2013,Malta,Urine,Human,Infection
ERR1217309,2,January,2014,Italy,Urine,Human,Infection
ERR1334697,18,March,2014,Portugal,Blood,Human,
ERR1228180,19,November,2013,Italy,Blood,Human,Infection
ERR1228266,16,November,2013,Hungary,Urine,Human,Colonization
ERR1415623,17,January,2014,Romania,Other (nasal),Human,
ERR1217457,30,December,2013,Italy,Urine,Human,Colonization
ERR1415609,17,December,2013,Romania,Wound secretion,Human,Infection
ERR1228183,10,December,2013,Italy,Blood,Human,Infection
ERR1217229,16,November,2013,Italy,Blood,Human,Infection
ERR1415620,15,January,2014,Romania,Urine,Human,Infection
ERR1228376,28,November,2013,Spain,Urine,Human,Infection
ERR1228264,5,November,2013,Hungary,Other (glans),Human,Colonization
ERR1514971,25,March,2014,Ireland,Urine,Human,Infection
ERR1204920,7,April,2014,Slovakia,Urine,Human,Infection
ERR1541281,24,January,2014,Turkey,Lower respiratory tract secrection,Human,Infection
ERR1217431,2,November,2013,Italy,Urine,Human,Infection
ERR1514950,28,November,2013,Ireland,Urine,Human,Infection
ERR1514951,18,December,2013,Ireland,Urine,Human,Infection
ERR1334637,22,January,2014,Denmark,Blood,Human,Infection
ERR1205003,22,February,2014,Estonia,Wound secretion,Human,Infection
ERR1541264,26,February,2014,Belgium,Urine,Human,
ERR1216996,11,August,2014,Germany,Urine,Human,Infection
ERR1415804,12,November,2013,Serbia,Blood,Human,Infection
ERR1289807,27,January,2014,Spain,Blood,Human,Infection
ERR1289840,13,December,2013,Spain,Blood,Human,Infection
ERR1289855,10,March,2014,Spain,Urine,Human,Infection
ERR1216959,15,January,2014,Germany,Urine,Human,Colonization
ERR1217299,17,March,2014,Italy,Blood,Human,Infection
ERR1205002,22,November,2013,Estonia,Lower respiratory tract secrection,Human,Infection
ERR1204984,7,April,2014,Slovakia,Other (bile),Human,Infection
ERR1216987,7,April,2014,Germany,Wound secretion,Human,Infection
ERR1374993,25,November,2013,Slovenia,Urine,Human,Infection
ERR1204936,9,December,2013,Slovakia,Urine,Human,Colonization
ERR1216980,7,March,2014,Germany,Wound secretion,Human,
ERR1217170,9,January,2014,Montenegro,Lower respiratory tract secrection,Human,Infection
ERR1374998,28,December,2013,Slovenia,Lower respiratory tract secrection,Human,
ERR1514848,30,March,2014,Belgium,Wound secretion,Human,Infection
ERR1205014,16,December,2013,Poland,Urine (venous catheter),Human,Infection
ERR1415724,16,April,2014,Croatia,Urine,Human,Infection
ERR1415709,27,January,2014,Croatia,Urine,Human,Infection
ERR1217101,29,January,2014,Israel,Urine,Human,
ERR1204835,7,March,2014,Estonia,Wound secretion,Human,Infection
ERR1415746,16,January,2014,Croatia,Blood,Human,Infection
ERR1334693,3,March,2014,Portugal,Urine,Human,Infection
ERR1541479,9,December,2013,Turkey,Urine,Human,Colonization
ERR1217125,8,December,2013,Israel,Wound secretion,Human,
ERR1541493,9,December,2013,Turkey,Urine,Human,Infection
ERR1204996,3,March,2014,Austria,Wound secretion,Human,Infection
ERR1289821,3,July,2014,Spain,Urine,Human,Infection
ERR1375021,7,January,2014,United Kingdom (England/Wales/N. Ireland),Blood,Human,Infection
ERR1415715,3,March,2014,Croatia,Urine,Human,Infection
ERR1515001,29,March,2014,Belgium,Lower respiratory tract secrection,Human,Infection
ERR1217374,13,January,2014,Italy,Lower respiratory tract secrection,Human,Colonization
ERR1415713,25,November,2013,Croatia,Lower respiratory tract secrection,Human,Colonization
ERR1217304,16,December,2013,Italy,Urine,Human,Infection
ERR1541402,19,November,2013,Turkey,Urine,Human,Infection
ERR1541432,2,December,2013,Turkey,Urine,Human,Infection
ERR1334451,10,February,2014,Greece,Lower respiratory tract secrection,Human,Infection
ERR1334602,20,March,2014,Greece,Wound secretion,Human,Infection
ERR1217163,10,March,2014,Israel,Urine,Human,
ERR1415689,3,January,2014,Croatia,Urine,Human,Infection
ERR1217271,11,November,2013,Italy,Urine,Human,Infection
ERR1289852,10,March,2014,Spain,Lower respiratory tract secrection,Human,Colonization
ERR1415700,26,March,2014,Croatia,Wound secretion,Human,Infection
ERR1217385,17,April,2014,Italy,Urine,Human,Infection
ERR1375022,6,January,2014,United Kingdom (England/Wales/N. Ireland),Blood,Human,Infection
ERR1415681,24,April,2014,Croatia,Urine,Human,Infection
ERR1217475,17,February,2014,Italy,Blood,Human,Infection
ERR1217200,12,November,2013,Italy,Urine,Human,Colonization
ERR1514911,12,March,2014,Belgium,Wound secretion,Human,Colonization
ERR1228297,5,November,2013,Hungary,Urine,Human,Infection
ERR1334421,27,November,2013,Greece,Lower respiratory tract secrection,Human,Infection
ERR1289740,12,December,2013,Greece,Urine,Human,Infection
ERR1289803,12,January,2014,Spain,Blood,Human,Infection
ERR1204852,5,December,2013,Poland,Urine,Human,Infection
ERR1217100,20,December,2013,Israel,Urine,Human,
ERR1217144,14,January,2014,Israel,Lower respiratory tract secrection,Human,
ERR1334661,20,December,2013,Portugal,Urine,Human,
ERR1334683,6,February,2014,Portugal,Urine,Human,Infection
ERR1514874,9,April,2014,Belgium,Lower respiratory tract secrection,Human,Colonization
ERR1217182,8,March,2014,Montenegro,Wound secretion,Human,Infection
ERR1217250,19,November,2013,Italy,Urine,Human,Infection
ERR1375004,23,January,2014,United Kingdom (England/Wales/N. Ireland),Blood,Human,Infection
ERR1514876,27,April,2014,Belgium,Blood,Human,Infection
ERR1415586,24,December,2013,Romania,Urine,Human,Infection
ERR1334551,12,February,2014,Spain,Urine,Human,Infection
ERR1374921,29,January,2014,Luxembourg,Other (),Human,Infection
ERR1216982,26,March,2014,Germany,Wound secretion,Human,Colonization
ERR1228276,12,March,2014,Hungary,Wound secretion,Human,Infection
ERR1217184,17,March,2014,Montenegro,Other (tube),Human,Colonization
ERR1217113,23,April,2014,Israel,Urine,Human,
ERR1204864,20,January,2014,Poland,Lower respiratory tract secrection,Human,Colonization
ERR1334644,17,January,2014,Denmark,Puncture fluids,Human,Infection
ERR1204829,22,January,2014,Austria,Wound secretion,Human,Infection
ERR1541360,16,December,2013,Turkey,Wound secretion,Human,Infection
ERR1217174,27,January,2014,Montenegro,Other (tube),Human,Colonization
ERR1541508,16,November,2013,Turkey,Urine,Human,Infection
ERR1204907,2,March,2014,Slovakia,Urine,Human,Infection
ERR1217110,2,December,2013,Israel,Lower respiratory tract secrection,Human,
ERR1334500,5,May,2014,Greece,Wound secretion,Human,
ERR1541412,28,April,2014,Turkey,Wound secretion,Human,Infection
ERR1217328,14,January,2014,Italy,Lower respiratory tract secrection,Human,Infection
ERR1415587,9,April,2014,Romania,Urine,Human,Infection
ERR1415529,10,December,2013,United Kingdom (England/Wales/N. Ireland),Urine,Human,Infection
ERR1204934,5,February,2014,Slovakia,Lower respiratory tract secrection,Human,Infection
ERR1217208,1,November,2013,Italy,Wound secretion,Human,Infection
ERR1217307,2,January,2014,Italy,Urine,Human,Infection
ERR1289810,29,January,2014,Spain,Wound secretion,Human,Infection
ERR1228195,18,November,2013,Italy,Other (catheter tip),Human,
ERR1217107,24,March,2014,Israel,Blood,Human,Infection
ERR1217114,22,April,2014,Israel,Urine,Human,
ERR1415608,17,December,2013,Romania,Urine,Human,Infection
ERR1205034,27,January,2014,France,Other (catheter),Human,Infection
ERR1334584,20,March,2014,Greece,Other (CVC),Human,Infection
ERR1541339,20,November,2013,Turkey,Urine,Human,Infection
ERR1289812,2,February,2014,Spain,Urine,Human,Infection
ERR1217194,7,November,2013,Italy,Urine,Human,Colonization
ERR1216973,9,December,2013,Germany,Other (skin),Human,
ERR1374920,13,January,2014,Luxembourg,Other (),Human,Infection
ERR1217478,4,December,2013,Latvia,Urine,Human,Infection
ERR1205036,4,November,2013,France,Lower respiratory tract secrection,Human,Colonization
ERR1228172,22,November,2013,Italy,Blood,Human,Infection
ERR1541450,17,January,2014,Turkey,Urine,Human,
ERR1374929,20,March,2014,Luxembourg,Other (U),Human,Infection
ERR1217409,13,November,2013,Italy,Wound secretion,Human,Infection
ERR1204999,25,December,2013,Estonia,Urine,Human,Colonization
ERR1204860,1,January,2014,Poland,Urine,Human,Infection
ERR1205048,14,January,2014,France,Wound secretion,Human,Colonization
ERR1204876,4,November,2013,France,Urine,Human,Infection
ERR1334696,18,March,2014,Portugal,Other (sputum),Human,Infection
ERR1217384,9,January,2014,Italy,Blood,Human,Infection
ERR1204952,3,March,2014,Czech Republic,Urine,Human,Colonization
ERR1334679,10,January,2014,Portugal,Urine,Human,
ERR1204946,11,April,2014,Czech Republic,Urine,Human,Colonization
ERR1217122,23,December,2013,Israel,Urine,Human,
ERR1415569,30,March,2014,United Kingdom (England/Wales/N. Ireland),Wound secretion,Human,Infection
ERR1541436,25,April,2014,Turkey,Urine,Human,Infection
ERR1334677,15,January,2014,Portugal,Urine,Human,Infection
ERR1217212,1,November,2013,Italy,Blood,Human,Infection
ERR1217267,4,November,2013,Italy,Urine,Human,Infection
ERR1541511,8,November,2013,Turkey,Lower respiratory tract secrection,Human,Infection
ERR1217173,23,January,2014,Montenegro,Other (tracheoflex),Human,Colonization
ERR1415778,21,November,2013,Serbia,Urine,Human,Infection
ERR1217256,14,December,2013,Italy,Urine,Human,Colonization
ERR1289727,29,April,2014,Spain,Wound secretion,Human,Infection
ERR1228355,13,November,2013,Spain,Urine,Human,Colonization
ERR1374882,11,December,2013,Romania,Urine,Human,Infection
ERR1204933,5,February,2014,Slovakia,Other (throat swab),Human,Colonization
ERR1374861,28,January,2014,Luxembourg,Other (),Human,Infection
ERR1217160,14,March,2014,Israel,Lower respiratory tract secrection,Human,
ERR1228211,30,April,2014,Italy,Urine,Human,
ERR1514855,5,June,2014,Belgium,Urine,Human,Infection
ERR1541499,6,November,2013,Turkey,Lower respiratory tract secrection,Human,Infection
ERR1217143,16,December,2013,Israel,Urine,Human,
ERR1216972,8,December,2013,Germany,Other (PEG),Human,
ERR1217159,10,March,2014,Israel,Other (tissue),Human,
ERR1415750,11,November,2013,Croatia,Lower respiratory tract secrection,Human,Colonization
ERR1334607,19,March,2014,Greece,Urine,Human,Infection
ERR1228402,14,December,2013,Spain,Urine,Human,Infection
ERR1514960,28,January,2014,Ireland,Urine,Human,Infection
ERR1334440,6,February,2014,Greece,Wound secretion,Human,Infection
ERR1514904,4,February,2014,Belgium,Lower respiratory tract secrection,Human,
ERR1217219,19,November,2013,Italy,Lower respiratory tract secrection,Human,Infection
ERR1205020,24,March,2014,Poland,Wound secretion,Human,Infection
ERR1415759,26,February,2014,Serbia,Urine,Human,Infection
ERR1217462,21,December,2013,Italy,Blood,Human,Infection
ERR1334703,27,March,2014,Portugal,Urine,Human,Infection
ERR1415491,16,November,2013,Romania,Lower respiratory tract secrection,Human,Infection
ERR1415479,1,February,2014,Romania,Other (secretion),Human,Infection
ERR1204901,13,March,2014,France,Urine,Human,Colonization
ERR1289774,3,March,2014,Greece,Urine,Human,Colonization
ERR1217306,21,December,2013,Italy,Blood,Human,Infection
ERR1514867,1,December,2013,Belgium,Blood,Human,Infection
ERR1541262,18,April,2014,Belgium,Puncture fluids,Human,
ERR1217282,13,November,2013,Italy,Urine,Human,Infection
ERR1228378,13,December,2013,Spain,Urine,Human,Infection
ERR1514903,30,January,2014,Belgium,Lower respiratory tract secrection,Human,
ERR1415497,6,February,2014,Romania,Urine,Human,
ERR1514928,13,February,2014,Serbia,Urine,Human,Infection
ERR1415726,9,December,2013,Croatia,Lower respiratory tract secrection,Human,Colonization
ERR1228212,18,November,2013,Italy,Urine,Human,Infection
ERR1204832,26,December,2013,Estonia,Urine,Human,Infection
ERR1204885,9,April,2014,France,Urine,Human,Infection
ERR1415764,20,November,2013,Serbia,Blood,Human,Infection
ERR1204942,5,February,2014,Czech Republic,Urine,Human,Infection
ERR1217060,3,November,2013,Malta,Urine,Human,Infection
ERR1204919,4,April,2014,Slovakia,Urine,Human,Infection
ERR1415621,15,January,2014,Romania,Urine,Human,Infection
ERR1415763,27,January,2014,Serbia,Wound secretion,Human,Infection
ERR1415472,5,December,2013,Romania,Blood,Human,Infection
ERR1217139,13,December,2013,Israel,Other (fluid),Human,
ERR1217443,6,November,2013,Italy,Urine,Human,Infection
ERR1334706,7,April,2014,Portugal,Urine,Human,Colonization
ERR1334510,16,January,2014,Spain,Urine,Human,Infection
ERR1217189,12,November,2013,Italy,Urine,Human,Colonization
ERR1289737,27,November,2013,Greece,Lower respiratory tract secrection,Human,Infection
ERR1204828,28,March,2014,Austria,Lower respiratory tract secrection,Human,Infection
ERR1217030,18,September,2014,Germany,Wound secretion,Human,Infection
ERR1415536,8,January,2014,United Kingdom (England/Wales/N. Ireland),Lower respiratory tract secrection,Human,Infection
ERR1334474,14,February,2014,Greece,Urine,Human,Infection
ERR1541345,12,January,2014,Turkey,Urine,Human,Infection
ERR1217379,2,January,2014,Italy,Urine,Human,Colonization
ERR1514873,6,April,2014,Belgium,Blood,Human,Infection
ERR1415740,17,January,2014,Croatia,Blood,Human,Infection
ERR1514982,10,May,2014,Ireland,Urine,Human,Infection
ERR1204914,1,January,2014,Slovakia,Urine,Human,Colonization
ERR1415640,29,November,2013,Romania,Wound secretion,Human,Infection
ERR1228143,18,November,2013,Italy,Urine,Human,Infection
ERR1541503,5,November,2013,Turkey,Urine,Human,Infection
ERR1415643,5,December,2013,Romania,Lower respiratory tract secrection,Human,Infection
ERR1514929,16,December,2013,Serbia,Wound secretion,Human,Infection
ERR1216965,25,January,2014,Germany,Lower respiratory tract secrection,Human,
ERR1415636,26,November,2013,Romania,Urine,Human,Infection
ERR1204840,19,November,2013,Estonia,Urine,Human,Infection
ERR1514898,24,December,2013,Belgium,Urine,Human,
ERR1374879,6,February,2014,Romania,Urine,Human,
ERR1514886,25,November,2013,Belgium,Blood,Human,Infection
ERR1204890,25,February,2014,France,Urine,Human,Infection
ERR1334422,28,November,2013,Greece,Urine,Human,Infection
ERR1217211,6,November,2013,Italy,Urine,Human,Infection
ERR1228217,12,November,2013,Italy,Urine,Human,Infection
ERR1334713,15,April,2014,Portugal,Lower respiratory tract secrection,Human,
ERR1541334,17,November,2013,Turkey,Urine,Human,Infection
ERR1205043,27,February,2014,France,Blood,Human,Infection
ERR1334591,1,March,2014,Greece,Urine,Human,Infection
ERR1204941,20,November,2013,Czech Republic,Urine,Human,Colonization
ERR1514923,17,March,2014,Belgium,Lower respiratory tract secrection,Human,
ERR1375008,16,March,2014,United Kingdom (England/Wales/N. Ireland),Wound secretion,Human,Infection
ERR1334736,18,March,2014,Portugal,,Human,
ERR1334605,21,March,2014,Greece,Urine,Human,Infection
ERR1217059,2,November,2013,Malta,Wound secretion,Human,Infection
ERR1204969,30,January,2014,Austria,Lower respiratory tract secrection,Human,Infection
ERR1217323,15,January,2014,Italy,Other (ocular swab),Human,Colonization
ERR1204883,24,February,2014,France,Other (bile),Human,Infection
ERR1334526,29,January,2014,Spain,Urine,Human,Infection
ERR1217066,15,November,2013,Malta,Urine,Human,Infection
ERR1217327,17,January,2014,Italy,Other (foreskin swab),Human,Colonization
ERR1217263,2,November,2013,Italy,Urine,Human,Colonization
ERR1375020,30,April,2014,United Kingdom (England/Wales/N. Ireland),Urine,Human,Infection
ERR1217382,4,January,2014,Italy,Blood,Human,Infection
ERR1541551,24,January,2014,Slovakia,Wound secretion,Human,Infection
ERR1217161,9,April,2014,Israel,Urine,Human,
ERR1204879,26,November,2013,France,Wound secretion,Human,Colonization
ERR1204855,24,December,2013,Poland,Puncture fluids,Human,Infection
ERR1217138,13,December,2013,Israel,Wound secretion,Human,
ERR1415518,7,November,2013,United Kingdom (England/Wales/N. Ireland),Urine,Human,Infection
ERR1205055,27,March,2014,France,Other (catheter),Human,Infection
ERR1514902,26,January,2014,Belgium,Urine,Human,Colonization
ERR1217129,1,December,2013,Israel,Urine,Human,
ERR1217228,16,November,2013,Italy,Blood,Human,Infection
ERR1204831,24,March,2014,Estonia,Urine,Human,Infection
ERR1541519,8,November,2013,Turkey,Urine,Human,Infection
ERR1204825,24,February,2014,Austria,Blood,Human,Infection
ERR1289819,3,July,2014,Spain,Blood,Human,Infection
ERR1217019,3,January,2014,Germany,Wound secretion,Human,Infection
ERR1334704,1,April,2014,Portugal,Other (sputum),Human,Infection
ERR1217081,22,January,2014,Lithuania,Blood,Human,Infection
ERR1514859,4,June,2014,Belgium,Lower respiratory tract secrection,Human,Colonization
ERR1204966,10,February,2014,Czech Republic,Wound secretion (abscess),Human,Infection
ERR1289695,31,March,2014,Spain,Lower respiratory tract secrection,Human,Infection
ERR1541544,10,March,2014,Poland,Urine,Human,Infection
ERR1217412,15,April,2014,Italy,Urine,Human,Infection
ERR1541516,3,April,2014,Turkey,Urine,Human,Infection
ERR1415659,28,December,2013,Romania,Urine,Human,Infection
ERR1205024,21,January,2014,Poland,Urine,Human,Infection
ERR1204894,8,January,2014,France,Other (biopsy),Human,Infection
ERR1415663,11,March,2014,Croatia,Urine,Human,Colonization
ERR1216975,4,February,2014,Germany,Wound secretion,Human,Infection
ERR1217168,31,March,2014,Israel,Urine,Human,
ERR1216962,21,January,2014,Germany,Urine,Human,Colonization
ERR1334521,21,January,2014,Spain,Urine,Human,Infection
ERR1541357,18,January,2014,Turkey,Blood,Human,Infection
ERR1334511,14,January,2014,Spain,Urine,Human,Colonization
ERR1541427,24,February,2014,Turkey,Urine,Human,Infection
ERR1415727,28,March,2014,Croatia,Wound secretion,Human,Infection
ERR1334686,8,February,2014,Portugal,Urine,Human,Infection
ERR1289851,6,March,2014,Spain,Wound secretion,Human,Infection
ERR1415738,11,February,2014,Croatia,Blood,Human,Infection
ERR1334508,5,January,2014,Portugal,Urine,Human,Infection
ERR1515003,31,January,2014,Belgium,Blood,Human,Infection
ERR1217254,14,December,2013,Italy,Blood,Human,Infection
ERR1217040,12,November,2013,Norway,Urine,Human,Infection
ERR1514857,4,June,2014,Belgium,Urine,Human,Infection
ERR1228261,9,December,2013,Hungary,Lower respiratory tract secrection,Human,Infection
ERR1541556,24,March,2014,Czech Republic,Wound secretion,Human,Colonization
ERR1217252,25,November,2013,Italy,Urine,Human,Infection
ERR1205030,23,January,2014,Poland,Wound secretion,Human,Infection
ERR1289707,18,November,2013,Spain,Urine,Human,Infection
ERR1217398,7,December,2013,Italy,Lower respiratory tract secrection,Human,Infection
ERR1228360,19,January,2014,Spain,Wound secretion,Human,Colonization
ERR1217035,1,October,2014,Germany,Lower respiratory tract secrection,Human,Infection
ERR1334701,25,March,2014,Portugal,Other (sputum),Human,
ERR1228357,18,November,2013,Spain,Urine,Human,Infection
ERR1541478,9,December,2013,Turkey,Urine,Human,Infection
ERR1216993,14,March,2014,Germany,Urine,Human,Colonization
ERR1228205,18,April,2014,Italy,Urine,Human,
ERR1217338,13,January,2014,Italy,Lower respiratory tract secrection,Human,
ERR1415594,12,March,2014,Romania,Urine,Human,
ERR1415782,2,February,2014,Serbia,Blood,Human,Infection
ERR1217430,2,November,2013,Italy,Blood,Human,Infection
ERR1541447,20,February,2014,Turkey,Blood,Human,
ERR1334737,29,March,2014,Portugal,,Human,
ERR1415607,17,December,2013,Romania,Urine,Human,Infection
ERR1415669,14,January,2014,Croatia,Urine,Human,Infection
ERR1334460,4,March,2014,Greece,Urine,Human,Infection
ERR1289844,3,July,2014,Spain,Blood,Human,Infection
ERR1541347,7,January,2014,Turkey,Urine,Human,Infection
ERR1415487,11,March,2014,Romania,Urine,Human,
ERR1217021,21,November,2013,Germany,Wound secretion,Human,Infection
ERR1415637,27,November,2013,Romania,Urine,Human,Infection
ERR1204865,31,December,2013,Poland,Lower respiratory tract secrection,Human,Infection
ERR1514921,20,March,2014,Belgium,Lower respiratory tract secrection,Human,Infection
ERR1514985,2,January,2014,Ireland,Blood,Human,Infection
ERR1228177,12,November,2013,Italy,Wound secretion,Human,Infection
ERR1289775,28,February,2014,Greece,Blood,Human,Infection
ERR1415784,15,January,2014,Serbia,Urine,Human,Infection
ERR1204947,5,May,2014,Czech Republic,Urine,Human,Colonization
ERR1217054,23,April,2014,Norway,Urine,Human,Infection
ERR1217329,21,January,2014,Italy,Urine,Human,Infection
ERR1541571,2,December,2013,Italy,Urine,Human,Infection
ERR1541325,26,December,2013,Turkey,Lower respiratory tract secrection,Human,Infection
ERR1541555,9,March,2014,Czech Republic,Urine,Human,Infection
ERR1217419,26,February,2014,Italy,Blood,Human,Infection
ERR1289809,16,January,2014,Spain,Lower respiratory tract secrection,Human,Infection
ERR1541429,6,November,2013,Turkey,Wound secretion (genital discharge),Human,Infection
ERR1415752,25,March,2014,Croatia,Urine,Human,Infection
ERR1415473,30,January,2014,Romania,Lower respiratory tract secrection,Human,Infection
ERR1415781,14,January,2014,Serbia,Lower respiratory tract secrection,Human,Infection
ERR1289729,14,November,2013,Luxembourg,Other (),Human,Infection
ERR1204844,13,March,2014,Poland,Urine,Human,Infection
ERR1217396,4,December,2013,Italy,Urine,Human,Infection
ERR1415813,25,March,2014,Serbia,Lower respiratory tract secrection,Human,Colonization
ERR1541564,3,December,2013,Israel,Urine,Human,
ERR1217335,1,December,2013,Italy,Blood,Human,Infection
ERR1415603,10,January,2014,Romania,Lower respiratory tract secrection,Human,Infection
ERR1217214,6,November,2013,Italy,Lower respiratory tract secrection,Human,Colonization
ERR1204928,1,March,2014,Slovakia,Wound secretion,Human,Infection
ERR1415661,3,April,2014,Croatia,Urine,Human,Colonization
ERR1289704,28,November,2013,Spain,Urine,Human,Infection
ERR1541546,13,November,2013,Poland,Blood,Human,Infection
ERR1216989,20,February,2014,Germany,Wound secretion,Human,Infection
ERR1217343,31,December,2013,Italy,Blood,Human,Infection
ERR1541319,17,November,2013,Turkey,Lower respiratory tract secrection,Human,Infection
ERR1334620,23,April,2014,Greece,Urine,Human,Colonization
ERR1415773,21,March,2014,Serbia,Blood,Human,Infection
ERR1415630,28,April,2014,Romania,Urine,Human,Infection
ERR1334470,29,January,2014,Greece,Blood,Human,Infection
ERR1217074,10,November,2013,Malta,Urine,Human,Colonization
ERR1541441,19,February,2014,Turkey,Urine,Human,Infection
ERR1217265,4,November,2013,Italy,Urine,Human,Colonization
ERR1334676,24,January,2014,Portugal,Blood,Human,
ERR1217471,18,November,2013,Italy,Urine,Human,Infection
ERR1217235,16,November,2013,Italy,Blood,Human,Infection
ERR1374936,4,November,2013,United Kingdom (Scotland),Urine,Human,Infection
ERR1217425,1,April,2014,Italy,Lower respiratory tract secrection,Human,Infection
ERR1217183,13,March,2014,Montenegro,Blood,Human,Infection
ERR1514862,9,December,2013,Belgium,Blood,Human,Infection
ERR1205061,20,February,2014,France,Blood,Human,Infection
ERR1415776,17,December,2013,Serbia,Blood,Human,Infection
ERR1228186,6,February,2014,Italy,Blood,Human,Infection
ERR1374891,2,February,2014,Croatia,Urine,Human,Infection
ERR1204931,15,January,2014,Slovakia,Other (drainage),Human,Infection
ERR1415674,1,November,2013,Croatia,Urine,Human,Infection
ERR1204973,4,November,2013,Austria,Urine,Human,Colonization
ERR1374906,22,November,2013,Serbia,Lower respiratory tract secrection,Human,Infection
ERR1204834,24,December,2013,Estonia,Blood,Human,Infection
ERR1334674,22,January,2014,Portugal,Other (pus),Human,Infection
ERR1415805,14,November,2013,Serbia,Blood,Human,Infection
ERR1334610,30,November,2013,Greece,Urine,Human,Infection
ERR1204895,20,February,2014,France,Blood,Human,Colonization
ERR1217275,12,November,2013,Italy,Urine,Human,Infection
ERR1217086,7,April,2014,Israel,Blood,Human,Infection
ERR1334714,30,April,2014,Portugal,Urine,Human,Infection
ERR1228184,5,February,2014,Italy,Blood,Human,Infection
ERR1217145,24,February,2014,Israel,Wound secretion,Human,
ERR1204821,21,November,2013,Austria,Wound secretion,Human,Infection
ERR1415716,25,November,2013,Croatia,Urine,Human,Colonization
ERR1541309,23,December,2013,Turkey,Lower respiratory tract secrection,Human,Infection
ERR1334658,25,November,2013,Portugal,Lower respiratory tract secrection,Human,
ERR1217340,14,January,2014,Italy,Blood,Human,
ERR1289816,1,April,2014,Spain,Lower respiratory tract secrection,Human,Colonization
ERR1514913,14,March,2014,Belgium,Urine,Human,Infection
ERR1334723,26,February,2014,Portugal,Urine,Human,Infection
ERR1217295,12,December,2013,Italy,Blood,Human,Infection
ERR1541525,2,October,2013,Turkey,Lower respiratory tract secrection,Human,Infection
ERR1289798,29,March,2014,Spain,Urine,Human,Colonization
ERR1217427,4,November,2013,Italy,Urine,Human,Infection
ERR1541472,30,November,2013,Turkey,Lower respiratory tract secrection,Human,Infection
ERR1217314,4,January,2014,Italy,Other (drainage),Human,Infection
ERR1289839,3,December,2013,Spain,Blood,Human,Infection
ERR1204820,10,January,2014,Austria,Wound secretion,Human,Infection
ERR1334455,15,March,2014,Greece,Urine,Human,Colonization
ERR1289820,1,April,2014,Spain,Lower respiratory tract secrection,Human,Infection
ERR1541418,24,February,2014,Turkey,Urine,Human,Infection
ERR1217070,26,November,2013,Malta,Blood,Human,Infection
ERR1217466,4,January,2014,Italy,Other (aspirated tracheal),Human,Infection
ERR1217322,14,January,2014,Italy,Urine,Human,Infection
ERR1204823,5,November,2013,Austria,Lower respiratory tract secrection,Human,Infection
ERR1217353,5,November,2013,Italy,Urine,Human,Infection
ERR1217289,14,December,2013,Italy,Blood,Human,Infection
ERR1217071,29,November,2013,Malta,Blood,Human,Infection
ERR1415683,12,December,2013,Croatia,Blood,Human,Infection
ERR1217234,7,November,2013,Italy,Blood,Human,Infection
ERR1217207,4,November,2013,Italy,Lower respiratory tract secrection,Human,Infection
ERR1514998,27,January,2014,Belgium,Puncture fluids,Human,Infection
ERR1541444,25,April,2014,Turkey,Urine,Human,Infection
ERR1217134,2,December,2013,Israel,Other (CVP),Human,
ERR1217360,14,March,2014,Italy,Urine,Human,
ERR1415723,2,January,2014,Croatia,Wound secretion,Human,Colonization
ERR1216984,1,April,2014,Germany,Lower respiratory tract secrection,Human,Infection
ERR1217000,11,October,2013,Germany,Blood,Human,Infection
ERR1541314,29,November,2013,Turkey,Urine,Human,Infection
ERR1216958,10,January,2014,Germany,Other (catheter tip),Human,Infection
ERR1541304,19,November,2013,Turkey,Urine,Human,Infection
ERR1541329,7,January,2014,Turkey,Urine,Human,Infection
ERR1541424,24,December,2013,Turkey,Urine,Human,Infection
ERR1217232,23,November,2013,Italy,Blood,Human,Infection
ERR1228228,10,February,2014,Italy,Lower respiratory tract secrection,Human,Infection
ERR1334425,12,December,2013,Greece,Urine,Human,Infection
ERR1217241,1,November,2013,Italy,Blood,Human,Infection
ERR1541509,2,April,2014,Turkey,Urine,Human,Infection
ERR1204899,1,February,2014,France,Blood,Human,Infection
ERR1204955,6,March,2014,Czech Republic,Lower respiratory tract secrection,Human,Colonization
ERR1415582,5,December,2013,Romania,Urine,Human,Infection
ERR1204837,10,March,2014,Estonia,Urine,Human,Infection
ERR1217285,11,November,2013,Italy,Wound secretion,Human,Infection
ERR1204847,2,January,2014,Poland,Urine,Human,Infection
ERR1217192,2,November,2013,Italy,Urine,Human,Colonization
ERR1228268,23,November,2013,Hungary,Blood,Human,Infection
ERR1334687,10,February,2014,Portugal,Urine,Human,Infection
ERR1217387,17,April,2014,Italy,Urine,Human,Infection
ERR1334417,8,January,2014,Croatia,Urine,Human,Infection
ERR1289712,14,November,2013,Spain,Urine,Human,Infection
ERR1217395,7,April,2014,Italy,Blood,Human,Infection
ERR1415592,5,February,2014,Romania,Lower respiratory tract secrection,Human,Infection
ERR1205000,24,March,2014,Estonia,Urine,Human,Infection
ERR1514940,10,December,2013,Serbia,Puncture fluids,Human,Infection
ERR1415660,27,December,2013,Romania,Lower respiratory tract secrection,Human,Infection
ERR1415635,30,April,2014,Romania,Urine,Human,Infection
ERR1228248,19,November,2013,Hungary,Wound secretion,Human,Infection
ERR1217119,13,December,2013,Israel,Urine,Human,
ERR1217025,19,November,2013,Germany,Wound secretion,Human,Infection
ERR1205021,16,January,2014,Poland,Urine,Human,Infection
ERR1514973,11,April,2014,Ireland,Wound secretion,Human,Infection
ERR1334598,29,December,2013,Greece,Blood,Human,Infection
ERR1217316,10,January,2014,Italy,Wound secretion (wound),Human,Infection
ERR1541348,3,January,2014,Turkey,Urine,Human,Infection
ERR1204826,20,February,2014,Austria,Urine,Human,Infection
ERR1205004,21,February,2014,Estonia,Wound secretion,Human,Infection
ERR1334587,2,March,2014,Greece,Wound secretion,Human,Infection
ERR1217347,21,March,2014,Italy,Urine,Human,Infection
ERR1334667,2,January,2014,Portugal,Urine,Human,Infection
ERR1217458,27,March,2014,Italy,Lower respiratory tract secrection (aspirated tracheal),Human,Infection
ERR1334669,7,January,2014,Portugal,Lower respiratory tract secrection,Human,
ERR1217206,7,November,2013,Italy,Urine,Human,Infection
ERR1415739,4,December,2013,Croatia,Blood,Human,Infection
ERR1289835,29,April,2014,Spain,Urine,Human,Infection
ERR1334712,6,February,2014,Portugal,Urine,Human,
ERR1289753,8,January,2014,Greece,Wound secretion,Human,Colonization
ERR1204822,27,January,2014,Austria,Urine,Human,Infection
ERR1541288,13,February,2014,Turkey,Urine,Human,Infection
ERR1334496,31,January,2014,Greece,Urine,Human,Infection
ERR1204889,22,January,2014,France,Urine,Human,Infection
ERR1217459,30,December,2013,Italy,Urine,Human,Infection
ERR1217093,20,March,2014,Israel,Blood,Human,Infection
ERR1289741,19,December,2013,Greece,Urine,Human,Infection
ERR1541504,14,November,2013,Turkey,Urine,Human,Infection
ERR1205076,8,November,2013,France,Urine,Human,Infection
ERR1334441,23,January,2014,Greece,Lower respiratory tract secrection,Human,Infection
ERR1415819,27,November,2013,Serbia,Urine,Human,
ERR1334666,4,January,2014,Portugal,Other (sputum),Human,Infection
ERR1217257,1,January,2014,Italy,Blood,Human,Infection
ERR1204859,17,January,2014,Poland,Lower respiratory tract secrection,Human,Infection
ERR1374922,14,February,2014,Luxembourg,Other (),Human,Infection
ERR1415732,13,January,2014,Croatia,Blood,Human,Infection
ERR1217251,23,November,2013,Italy,Other (endodfluid),Human,Colonization
ERR1204886,28,April,2014,France,Urine,Human,Infection
ERR1216954,6,January,2014,Germany,Urine,Human,Colonization
ERR1374878,23,January,2014,United Kingdom (England/Wales/N. Ireland),Urine,Human,Infection
ERR1541358,29,November,2013,Turkey,Blood,Human,Infection
ERR1541566,16,November,2013,Italy,Wound secretion,Human,Infection
ERR1205026,23,December,2013,Poland,Lower respiratory tract secrection,Human,Infection
ERR1204993,10,March,2014,Czech Republic,Lower respiratory tract secrection (aspirate),Human,Infection
ERR1217305,21,November,2013,Italy,Blood,Human,Infection
ERR1415652,1,November,2013,Romania,Lower respiratory tract secrection,Human,Infection
ERR1216997,20,April,2014,Germany,Blood,Human,Infection
ERR1228190,17,April,2014,Italy,Lower respiratory tract secrection,Human,Infection
ERR1289721,24,February,2014,Spain,Urine,Human,Infection
ERR1415734,6,December,2013,Croatia,Blood,Human,Infection
ERR1514926,20,December,2013,Serbia,Urine,Human,
ERR1204915,9,March,2014,Slovakia,Other (tonsil swab),Human,Colonization
ERR1289830,22,April,2014,Spain,Urine,Human,Infection
ERR1541484,4,November,2013,Turkey,Blood,Human,Infection
ERR1204843,6,March,2014,Poland,Urine,Human,Infection
ERR1204830,5,November,2013,Austria,Puncture fluids,Human,Infection
ERR1415515,9,November,2013,United Kingdom (England/Wales/N. Ireland),Urine,Human,Infection
ERR1415749,11,November,2013,Croatia,Other (abscess),Human,Infection
ERR1217171,20,January,2014,Montenegro,Other (urinary catheter),Human,Colonization
ERR1541342,30,December,2013,Turkey,Urine,Human,Infection
ERR1374915,30,April,2014,Luxembourg,Other (),Human,Infection
ERR1217318,10,January,2014,Italy,Blood,Human,Infection
ERR1334700,29,March,2014,Portugal,Urine,Human,
ERR1334680,23,November,2013,Portugal,Wound secretion,Human,Infection
ERR1205025,15,January,2014,Poland,Wound secretion,Human,Infection
ERR1216957,13,January,2014,Germany,Wound secretion,Human,Infection
ERR1217237,20,November,2013,Italy,Blood,Human,Infection
ERR1289847,4,March,2014,Spain,Wound secretion,Human,Infection
ERR1217095,21,November,2013,Israel,Urine,Human,
ERR1415464,18,April,2014,Romania,Lower respiratory tract secrection,Human,Infection
ERR1541492,9,December,2013,Turkey,Blood,Human,Infection
ERR1217193,1,November,2013,Italy,Urine,Human,Infection
ERR1334662,22,December,2013,Portugal,Urine,Human,
ERR1217297,6,November,2013,Italy,Blood,Human,Infection
ERR1204958,24,March,2014,Czech Republic,Lower respiratory tract secrection,Human,Infection
ERR1541541,26,September,2013,Turkey,Urine,Human,Infection
ERR1217266,4,November,2013,Italy,Urine,Human,Infection
ERR1217073,1,December,2013,Malta,Urine,Human,Infection
ERR1415756,16,January,2014,Serbia,Urine,Human,Infection
ERR1289806,17,January,2014,Spain,Blood,Human,Infection
ERR1541469,9,December,2013,Turkey,Lower respiratory tract secrection,Human,Infection
ERR1217215,7,November,2013,Italy,Blood,Human,Infection
ERR1374976,28,December,2013,Slovenia,Urine,Human,Infection
ERR1415476,1,February,2014,Romania,Urine,Human,
ERR1541263,17,April,2014,Belgium,Lower respiratory tract secrection,Human,Infection
ERR1289754,12,December,2013,Greece,Urine,Human,Infection
ERR1514997,20,January,2014,Belgium,Urine,Human,Colonization
ERR1541452,23,January,2014,Turkey,Blood,Human,
ERR1374928,11,March,2014,Luxembourg,Other (),Human,Infection
ERR1334604,17,March,2014,Greece,Urine,Human,Infection
ERR1541520,5,November,2013,Turkey,Urine,Human,Infection
ERR1228158,28,April,2014,Italy,Blood,Human,Infection
ERR1334434,3,December,2013,Greece,Lower respiratory tract secrection,Human,Infection
ERR1217320,13,January,2014,Italy,Other (skin swab),Human,Colonization
ERR1217065,15,November,2013,Malta,Blood,Human,Infection
ERR1204911,12,December,2013,Slovakia,Other (throat swab),Human,Colonization
ERR1334649,18,January,2014,Denmark,Urine,Human,
ERR1204991,12,April,2014,Czech Republic,Lower respiratory tract secrection,Human,Colonization
ERR1541461,8,January,2014,Turkey,Wound secretion,Human,
ERR1334504,21,January,2014,Serbia,Urine,Human,Infection
ERR1541343,24,January,2014,Turkey,Urine,Human,Infection
ERR1415814,18,November,2013,Serbia,Urine,Human,
ERR1217422,2,November,2013,Italy,Urine,Human,Infection
ERR1541296,31,January,2014,Turkey,Urine,Human,Infection
ERR1204868,22,January,2014,Poland,Wound secretion,Human,Infection
ERR1334535,7,February,2014,Spain,Urine,Human,Infection
ERR1217298,6,November,2013,Italy,Blood,Human,Infection
ERR1217428,2,November,2013,Italy,Urine,Human,Infection
ERR1541454,19,November,2013,Turkey,Wound secretion,Human,
ERR1217102,5,February,2014,Israel,Urine,Human,
ERR1204858,19,March,2014,Poland,Wound secretion,Human,Infection
ERR1217342,18,January,2014,Italy,Other (CVC),Human,
ERR1334471,21,March,2014,Greece,Urine,Human,Infection
ERR1217370,24,January,2014,Italy,Other (liquid drain),Human,Infection
ERR1415771,12,March,2014,Serbia,Urine,Human,Infection
ERR1415525,3,December,2013,United Kingdom (England/Wales/N. Ireland),Urine,Human,Infection
ERR1541518,7,September,2013,Turkey,Urine,Human,Infection
ERR1228159,24,April,2014,Italy,Urine,Human,Colonization
ERR1228382,17,December,2013,Spain,Wound secretion,Human,Infection
ERR1374923,13,February,2014,Luxembourg,Other (),Human,Infection
ERR1289826,14,January,2014,Spain,Urine,Human,Infection
ERR1216961,21,January,2014,Germany,Urine,Human,Colonization
ERR1334583,19,March,2014,Greece,Lower respiratory tract secrection,Human,Infection
ERR1217440,8,November,2013,Italy,Urine,Human,Infection
ERR1541315,2,December,2013,Turkey,Blood,Human,Infection
ERR1217310,3,January,2014,Italy,Lower respiratory tract secrection,Human,Infection
ERR1415583,22,December,2013,Romania,Urine,Human,Infection
ERR1228351,4,November,2013,Spain,Puncture fluids,Human,Colonization
ERR1217097,17,December,2013,Israel,Urine,Human,
ERR1217317,7,January,2014,Italy,Urine,Human,Infection
ERR1217279,7,November,2013,Italy,Urine,Human,Infection
ERR1228381,17,December,2013,Spain,Urine,Human,Infection
ERR1216999,27,January,2014,Germany,Lower respiratory tract secrection,Human,Infection
ERR1217448,11,November,2013,Italy,Urine,Human,Infection
ERR1289808,16,January,2014,Spain,Wound secretion,Human,Infection
ERR1228371,5,December,2013,Spain,Blood,Human,Infection
ERR1289854,10,March,2014,Spain,Urine,Human,Infection
ERR1217292,18,November,2013,Italy,Blood,Human,Infection
ERR1217220,15,November,2013,Italy,Lower respiratory tract secrection,Human,Infection
ERR1415680,19,February,2014,Croatia,Urine,Human,Infection
ERR1334711,12,February,2014,Portugal,Lower respiratory tract secrection,Human,
ERR1228221,25,November,2013,Italy,Urine,Human,Infection
ERR1204845,7,February,2014,Poland,Urine,Human,Infection
ERR1217023,10,December,2013,Germany,Urine,Human,Infection
ERR1541481,13,December,2013,Turkey,Urine,Human,Infection
ERR1415617,18,April,2014,Romania,Urine,Human,Infection
ERR1289736,7,February,2014,Macedonia,Lower respiratory tract secrection,Human,Colonization
ERR1217359,11,November,2013,Italy,Lower respiratory tract secrection,Human,Infection
ERR1289776,6,March,2014,Greece,Urine,Human,Infection
ERR1289703,25,April,2014,Spain,Urine,Human,Infection
ERR1217029,17,September,2014,Germany,Wound secretion,Human,Infection
ERR1541485,18,December,2013,Turkey,Urine,Human,Infection
ERR1228283,1,November,2013,Hungary,Urine,Human,Infection
ERR1204977,25,February,2014,Austria,Wound secretion,Human,Infection
ERR1415748,6,November,2013,Croatia,Lower respiratory tract secrection,Human,Infection
ERR1217433,11,November,2013,Italy,Urine,Human,Infection
ERR1541297,13,February,2014,Turkey,Urine,Human,Infection
ERR1205039,21,November,2013,France,Urine,Human,Infection
ERR1374924,23,February,2014,Luxembourg,Other (),Human,Infection
ERR1217308,21,December,2013,Italy,Blood,Human,Infection
ERR1334716,9,April,2014,Portugal,Urine,Human,
ERR1228182,4,December,2013,Italy,Other (biopsy material),Human,Colonization
ERR1204869,28,January,2014,Poland,Lower respiratory tract secrection,Human,Infection
ERR1374888,7,May,2014,Croatia,Wound secretion,Human,Infection
ERR1334690,25,February,2014,Portugal,Urine,Human,Infection
ERR1415714,25,January,2014,Croatia,Urine,Human,Infection
ERR1228364,20,November,2013,Spain,Lower respiratory tract secrection,Human,Colonization
ERR1217164,13,March,2014,Israel,Urine,Human,
ERR1217242,24,November,2013,Italy,Other (percutaneous abscess drainage),Human,Infection
ERR1204856,5,January,2014,Poland,Lower respiratory tract secrection,Human,Infection
ERR1228197,12,November,2013,Italy,Urine,Human,
ERR1217181,25,February,2014,Montenegro,Lower respiratory tract secrection,Human,Infection
ERR1217367,26,March,2014,Italy,Urine,Human,
ERR1541286,13,January,2014,Turkey,Lower respiratory tract secrection,Human,Infection
ERR1541442,9,March,2014,Turkey,Urine,Human,Infection
ERR1334656,25,November,2013,Portugal,Blood,Human,
ERR1515000,18,March,2014,Belgium,Blood,Human,Infection
ERR1415685,29,December,2013,Croatia,Blood,Human,Infection
ERR1514920,14,March,2014,Belgium,Wound secretion,Human,Infection
ERR1334530,3,February,2014,Spain,Urine,Human,Infection
ERR1204935,15,January,2014,Slovakia,Wound secretion,Human,Colonization
ERR1205064,20,March,2014,France,Lower respiratory tract secrection,Human,Infection
ERR1415762,18,January,2014,Serbia,Urine,Human,Infection
ERR1217293,31,December,2013,Italy,Wound secretion,Human,Infection
ERR1204906,20,January,2014,Slovakia,Lower respiratory tract secrection,Human,Infection
ERR1217391,16,February,2014,Italy,Blood,Human,Infection
ERR1228229,5,November,2013,Italy,Urine,Human,Infection
ERR1334433,24,January,2014,Greece,Urine,Human,Infection
ERR1334448,5,November,2013,Greece,Urine,Human,Infection
ERR1541445,13,February,2014,Turkey,Blood,Human,
ERR1228199,28,November,2013,Italy,Other (liquid drain),Human,
ERR1415625,10,March,2014,Romania,Urine,Human,Infection
ERR1217222,19,November,2013,Italy,Lower respiratory tract secrection,Human,Infection
ERR1415710,14,May,2014,Croatia,Urine,Human,Infection
ERR1205028,20,December,2013,Poland,Urine,Human,Infection
ERR1541318,3,December,2013,Turkey,Blood,Human,Infection
ERR1415670,16,January,2014,Croatia,Blood,Human,Infection
ERR1217150,24,February,2014,Israel,Urine,Human,
ERR1217053,15,March,2014,Norway,Urine,Human,Infection
ERR1217166,17,March,2014,Israel,Urine,Human,
ERR1514871,5,February,2014,Belgium,Puncture fluids,Human,Infection
ERR1217098,19,December,2013,Israel,Urine,Human,
ERR1541562,15,January,2014,Lithuania,Lower respiratory tract secrection,Human,Infection
ERR1374927,30,April,2014,Luxembourg,Other (),Human,Infection
ERR1415600,21,April,2014,Romania,Puncture fluids,Human,Infection
ERR1541455,13,February,2014,Turkey,Urine,Human,
ERR1374863,27,December,2013,Slovenia,Blood,Human,Infection
ERR1541539,21,September,2013,Turkey,Urine,Human,Infection
ERR1334724,2,March,2014,Portugal,Urine,Human,Infection
ERR1334621,12,April,2014,Greece,Urine,Human,
ERR1204930,28,February,2014,Slovakia,Lower respiratory tract secrection,Human,Infection
ERR1541537,13,September,2013,Turkey,Urine,Human,Infection
ERR1415798,6,January,2014,Serbia,Urine,Human,Infection
ERR1415731,4,April,2014,Croatia,Blood,Human,Infection
ERR1415651,14,December,2013,Romania,Urine,Human,Infection
ERR1289725,7,April,2014,Spain,Wound secretion,Human,Infection
ERR1217213,5,November,2013,Italy,Blood,Human,Infection
ERR1334659,8,December,2013,Portugal,Blood,Human,
ERR1217203,10,November,2013,Italy,Urine,Human,Infection
ERR1217399,29,April,2014,Italy,Blood,Human,Infection
ERR1204862,11,January,2014,Poland,Lower respiratory tract secrection,Human,Infection
ERR1415733,29,November,2013,Croatia,Lower respiratory tract secrection,Human,Infection
ERR1204888,26,March,2014,France,Blood,Human,Infection
ERR1217209,5,November,2013,Italy,Lower respiratory tract secrection,Human,Infection
ERR1415668,4,November,2013,Croatia,Urine,Human,Infection
ERR1541448,26,February,2014,Turkey,Lower respiratory tract secrection,Human,
ERR1289849,17,March,2014,Spain,Lower respiratory tract secrection,Human,Colonization
ERR1217062,5,November,2013,Malta,Blood,Human,Infection
ERR1217280,7,November,2013,Italy,Urine,Human,Infection
ERR1415747,15,November,2013,Croatia,Other (catheter),Human,Infection
ERR1205035,28,November,2013,France,Urine,Human,Infection
ERR1541477,13,December,2013,Turkey,Urine,Human,Infection
ERR1514901,23,January,2014,Belgium,Wound secretion,Human,Colonization
ERR1541353,7,March,2014,Turkey,Wound secretion,Human,Infection
ERR1415712,19,November,2013,Croatia,Urine,Human,Colonization
ERR1228263,5,November,2013,Hungary,Urine,Human,Infection
ERR1228352,16,November,2013,Spain,Blood,Human,Infection
ERR1334585,18,January,2014,Greece,Puncture fluids,Human,Infection
ERR1217118,13,February,2014,Israel,Urine,Human,
ERR1228255,4,November,2013,Hungary,Urine,Human,Infection
ERR1217268,9,November,2013,Italy,Urine,Human,Colonization
ERR1289842,6,February,2014,Spain,Blood,Human,Infection
ERR1289790,24,March,2014,Spain,Puncture fluids,Human,Infection
ERR1334492,12,February,2014,Greece,Urine,Human,Infection
ERR1541336,17,January,2014,Turkey,Lower respiratory tract secrection,Human,Infection
ERR1205023,31,December,2013,Poland,Lower respiratory tract secrection,Human,Infection
ERR1217151,24,February,2014,Israel,Urine,Human,
ERR1375002,25,January,2014,United Kingdom (England/Wales/N. Ireland),Urine,Human,Infection
ERR1204916,26,February,2014,Slovakia,Other (swab skin catheter),Human,Colonization
ERR1217300,8,November,2013,Italy,Blood,Human,Infection
ERR1541409,16,February,2014,Turkey,Urine,Human,Infection
ERR1334698,20,March,2014,Portugal,Urine,Human,Infection
ERR1514966,3,March,2014,Ireland,Wound secretion,Human,Infection
ERR1217224,22,November,2013,Italy,Blood,Human,Infection
ERR1216949,11,December,2013,Germany,Other (catheter),Human,Infection
ERR1334657,26,November,2013,Portugal,Urine,Human,
ERR1334734,18,December,2013,Portugal,Other (exudate),Human,
ERR1217455,18,December,2013,Italy,Lower respiratory tract secrection,Human,Infection
ERR1415671,25,January,2014,Croatia,Blood,Human,Infection
ERR1334741,4,February,2014,Slovakia,Lower respiratory tract secrection,Human,Colonization
ERR1228383,30,December,2013,Spain,Blood,Human,Infection
ERR1415775,10,January,2014,Serbia,Wound secretion,Human,Infection
ERR1374912,28,February,2014,Serbia,Blood,Human,Infection
ERR1374866,26,February,2014,United Kingdom (England/Wales/N. Ireland),Urine,Human,Infection
ERR1374895,21,February,2014,Serbia,Urine,Human,Infection
ERR1228366,2,December,2013,Spain,Blood,Human,Infection
ERR1415471,7,March,2014,Romania,Other (secretion),Human,
ERR1228296,5,November,2013,Hungary,Other (cerebrospinal fluid),Human,Infection
ERR1374876,11,March,2014,United Kingdom (England/Wales/N. Ireland),Other (BAL),Human,Infection
ERR1228256,5,November,2013,Hungary,Urine,Human,Infection
ERR1228204,17,February,2014,Italy,Blood,Human,
ERR1514959,24,January,2014,Ireland,Lower respiratory tract secrection,Human,Infection
ERR1541380,18,February,2014,Turkey,Blood,Human,Infection
ERR1334627,6,December,2013,Serbia,Urine,Human,Infection
ERR1375039,22,May,2014,United Kingdom (England/Wales/N. Ireland),Urine,Human,Infection
ERR1541491,19,November,2013,Turkey,Blood,Human,Infection
ERR1541385,17,December,2013,Turkey,Wound secretion,Human,Infection
ERR1228365,22,November,2013,Spain,Wound secretion,Human,Colonization
ERR1289715,4,December,2014,Spain,Urine,Human,Infection
ERR1374913,5,February,2014,Serbia,Urine,Human,Infection
ERR1204921,16,January,2014,Slovakia,Urine,Human,Infection
ERR1289752,7,December,2013,Greece,Urine,Human,Infection
ERR1374873,28,April,2014,United Kingdom (England/Wales/N. Ireland),Urine,Human,Infection
ERR1415642,5,December,2013,Romania,Urine,Human,Infection
ERR1374898,28,February,2014,Serbia,Wound secretion,Human,Infection
ERR1415556,2,March,2014,United Kingdom (England/Wales/N. Ireland),Blood,Human,Infection
ERR1415786,16,January,2014,Serbia,Urine,Human,Infection
ERR1217005,1,November,2013,Germany,Wound secretion,Human,Infection
ERR1541453,8,November,2013,Turkey,Lower respiratory tract secrection,Human,
ERR1374901,12,November,2013,Serbia,Urine,Human,Infection
ERR1334522,24,January,2014,Spain,Urine,Human,Infection
ERR1374907,1,December,2013,Serbia,Blood,Human,Infection
ERR1514899,10,January,2014,Belgium,Lower respiratory tract secrection,Human,Infection
ERR1334671,7,January,2014,Portugal,Urine,Human,
ERR1228295,2,November,2013,Hungary,Other (glans),Human,Colonization
ERR1228289,4,November,2013,Hungary,Urine,Human,Colonization
ERR1334560,15,February,2014,Spain,Urine,Human,Infection
ERR1541277,17,May,2014,Belgium,Urine,Human,Colonization