"Genome Name","Version","Kleborate version","N50","contig_count","total_size","resistance_score","num_resistance_genes","num_resistance_classes","K_locus","K_type","K_locus_confidence","O_locus","O_type","O_locus_confidence","Bla_ESBL_acquired","Bla_Carb_acquired","species","ST","Year"
"ERR4920372","v2.3.1","v2.2.0",231985,240,5668714,2,16,9,"KL128","unknown (KL128)","Good","O3b","O3b","Very high","CTX-M-15","NDM-1","Klebsiella pneumoniae","ST147",2017
"ERR4920384","v2.3.1","v2.2.0",164970,254,5643272,2,17,9,"unknown (KL107)","unknown (KL107)","None","O3b","O3b","Very high","CTX-M-15","NDM-1","Klebsiella pneumoniae","ST147",2016
"ERR4920373","v2.3.1","v2.2.0",309650,155,5746818,1,14,7,"KL122","unknown (KL122)","Good","O1/O2v2","O2afg","Very high","CTX-M-15","-","Klebsiella pneumoniae","ST17",2017
"ERR4920374","v2.3.1","v2.2.0",169271,123,5600710,1,9,6,"KL2","K2","Good","O1/O2v1","O1","Very high","CTX-M-15","-","Klebsiella pneumoniae","ST39",2017
"ERR4920375","v2.3.1","v2.2.0",409677,74,5440344,0,0,0,"KL38","K38","Very high","O3b","O3b","Very high","-","-","Klebsiella pneumoniae","ST292",2017
"ERR4920376","v2.3.1","v2.2.0",209236,91,5375281,0,5,4,"KL15","K15","Good","O4","O4","Very high","-","-","Klebsiella pneumoniae","ST340",2017
"ERR4920377","v2.3.1","v2.2.0",203705,108,5545847,1,7,6,"KL38","K38","Good","O3b","O3b","Very high","CTX-M-15","-","Klebsiella pneumoniae","ST15",2017
"ERR4920378","v2.3.1","v2.2.0",367168,43,5200443,0,0,0,"unknown (KL102)","unknown (KL102)","None","O1/O2v2","O2afg","Very high","-","-","Klebsiella pneumoniae","ST105",2016
"ERR4920379","v2.3.1","v2.2.0",309799,52,5118548,1,6,6,"KL23","K23","Good","O1/O2v2","O1","Very high","CTX-M-15","-","Klebsiella pneumoniae","ST17",2016
"ERR4920380","v2.3.1","v2.2.0",222520,99,5397715,1,5,4,"unknown (KL25)","unknown (K25)","None","O5","O5","High","CTX-M-15","-","Klebsiella pneumoniae","ST17",2016
"ERR4920381","v2.3.1","v2.2.0",193561,165,5529629,1,10,7,"KL55","K55","Very high","O3/O3a","O3/O3a","Very high","CTX-M-15","-","Klebsiella pneumoniae","ST1855",2016
"ERR4920382","v2.3.1","v2.2.0",219288,105,5540795,2,12,8,"KL64","K64","Good","O1/O2v1","O1","High","CTX-M-15","OXA-232","Klebsiella pneumoniae","ST14",2016
"ERR4920383","v2.3.1","v2.2.0",189860,119,5637661,2,15,8,"unknown (KL64)","unknown (K64)","None","O1/O2v1","O1","Very high","CTX-M-15","NDM-1;OXA-232","Klebsiella pneumoniae","ST14",2016
"ERR4920386","v2.3.1","v2.2.0",189860,115,5535589,2,11,7,"KL64","K64","Good","O1/O2v1","O1","Very high","-","OXA-232","Klebsiella pneumoniae","ST14",2016
"ERR4920387","v2.3.1","v2.2.0",200080,115,5630795,2,13,7,"KL64","K64","Good","O1/O2v1","O1","Very high","-","NDM-1","Klebsiella pneumoniae","ST14",2016
"ERR4920385","v2.3.1","v2.2.0",257509,119,5627667,1,8,6,"KL17","K17","Perfect","O1/O2v1","O1","Very high","CTX-M-15","-","Klebsiella pneumoniae","ST101",2016
"ERR4920388","v2.3.1","v2.2.0",46111,250,5367881,0,9,7,"KL169","unknown (KL169)","Good","OL104","unknown (OL104)","Good","-","-","Klebsiella pneumoniae","ST147",2017
"ERR4920389","v2.3.1","v2.2.0",193945,137,5617530,1,11,8,"KL139","unknown (KL139)","Perfect","O1/O2v1","O1","Very high","CTX-M-15","-","Klebsiella pneumoniae","ST1322",2016
"ERR4920390","v2.3.1","v2.2.0",208715,148,5846912,2,9,7,"KL105","unknown (KL105)","Good","O1/O2v2","O2afg","Good","CTX-M-15","NDM-1","Klebsiella pneumoniae","ST11",2016
"ERR4920391","v2.3.1","v2.2.0",410145,63,5325449,1,11,7,"KL54","K54","Very high","O1/O2v2","O1","Very high","CTX-M-15","-","Klebsiella pneumoniae","ST711",2017
"ERR4920392","v2.3.1","v2.2.0",196190,134,5415441,1,1,1,"unknown (KL24)","unknown (K24)","None","O1/O2v1","O2a","Very high","CTX-M-15^","-","Klebsiella pneumoniae","ST45",2017
"ERR4920432","v2.3.1","v2.2.0",319097,182,5735107,1,11,7,"KL24","K24","Good","O1/O2v1","O2a","Very high","CTX-M-15","-","Klebsiella pneumoniae","ST45",2017
"ERR4920433","v2.3.1","v2.2.0",315496,186,5730685,1,11,7,"KL24","K24","Good","O1/O2v1","O2a","Very high","CTX-M-15","-","Klebsiella pneumoniae","ST45",2017
"ERR4920393","v2.3.1","v2.2.0",255807,173,5615973,1,15,8,"KL62","K62","Good","O1/O2v2","O1","Very high","CTX-M-15","-","Klebsiella pneumoniae","ST39",2017
"ERR4920440","v2.3.1","v2.2.0",202772,252,5632515,1,20,8,"KL62","K62","Good","O1/O2v2","O1","Very high","CTX-M-15","-","Klebsiella pneumoniae","ST39",2017
"ERR4920394","v2.3.1","v2.2.0",198342,117,5298514,1,3,2,"KL15","K15","Very high","O4","O4","Very high","CTX-M-15","-","Klebsiella pneumoniae","ST37",2017
"ERR4920396","v2.3.1","v2.2.0",206169,150,5454106,1,17,10,"KL15","K15","Very high","O4","O4","Very high","CTX-M-15","-","Klebsiella pneumoniae","ST37",2017
"ERR4920404","v2.3.1","v2.2.0",212937,166,5465215,1,18,10,"KL15","K15","Good","O4","O4","Very high","CTX-M-15","-","Klebsiella pneumoniae","ST37",2017
"ERR4920406","v2.3.1","v2.2.0",232755,117,5336800,1,14,9,"KL15","K15","Good","O4","O4","Very high","CTX-M-15","-","Klebsiella pneumoniae","ST37",2017
"ERR4920407","v2.3.1","v2.2.0",141382,187,5422154,1,16,10,"KL15","K15","Very high","O4","O4","Very high","CTX-M-15","-","Klebsiella pneumoniae","ST37",2017
"ERR4920408","v2.3.1","v2.2.0",212624,148,5455019,1,16,9,"KL15","K15","Very high","O4","O4","Very high","CTX-M-15","-","Klebsiella pneumoniae","ST37",2017
"ERR4920409","v2.3.1","v2.2.0",169368,168,5448037,1,18,10,"unknown (KL15)","unknown (K15)","None","O4","O4","Very high","CTX-M-15","-","Klebsiella pneumoniae","ST37",2017
"ERR4920411","v2.3.1","v2.2.0",198342,151,5427873,1,14,8,"KL15","K15","Very high","O4","O4","Very high","CTX-M-15","-","Klebsiella pneumoniae","ST37",2017
"ERR4920412","v2.3.1","v2.2.0",206169,133,5406515,1,13,7,"KL15","K15","Good","O4","O4","Very high","CTX-M-15","-","Klebsiella pneumoniae","ST37",2017
"ERR4920413","v2.3.1","v2.2.0",198342,165,5458467,1,18,10,"KL15","K15","Good","O4","O4","Very high","CTX-M-15","-","Klebsiella pneumoniae","ST37",2017
"ERR4920414","v2.3.1","v2.2.0",159927,162,5424208,1,12,8,"unknown (KL15)","unknown (K15)","None","O4","O4","Very high","CTX-M-15","-","Klebsiella pneumoniae","ST37",2017
"ERR4920415","v2.3.1","v2.2.0",195553,142,5399873,1,13,9,"unknown (KL15)","unknown (K15)","None","O4","O4","Very high","CTX-M-15","-","Klebsiella pneumoniae","ST37",2017
"ERR4920421","v2.3.1","v2.2.0",205578,117,5305544,1,12,7,"KL15","K15","Very high","O4","O4","Very high","CTX-M-15","-","Klebsiella pneumoniae","ST37",2017
"ERR4920422","v2.3.1","v2.2.0",176376,158,5436891,1,12,8,"unknown (KL15)","unknown (K15)","None","O4","O4","Very high","CTX-M-15","-","Klebsiella pneumoniae","ST37",2017
"ERR4920423","v2.3.1","v2.2.0",205578,138,5411036,1,12,8,"KL15","K15","Very high","O4","O4","Very high","CTX-M-15","-","Klebsiella pneumoniae","ST37",2017
"ERR4920424","v2.3.1","v2.2.0",195516,161,5417675,1,12,8,"unknown (KL15)","unknown (K15)","None","O4","O4","Very high","CTX-M-15","-","Klebsiella pneumoniae","ST37",2017
"ERR4920444","v2.3.1","v2.2.0",212937,109,5206286,0,0,0,"KL15","K15","Very high","O4","O4","Very high","-","-","Klebsiella pneumoniae","ST37",2017
"ERR4920453","v2.3.1","v2.2.0",102476,158,5176921,1,3,2,"unknown (KL107)","unknown (KL107)","None","unknown (O4)","unknown (O4)","Low","CTX-M-15","-","Klebsiella pneumoniae","ST37",2017
"ERR4920461","v2.3.1","v2.2.0",225662,95,5217945,1,1,1,"unknown (KL15)","unknown (K15)","Low","O4","O4","Very high","CTX-M-15","-","Klebsiella pneumoniae","ST37",2017
"ERR4920463","v2.3.1","v2.2.0",206169,110,5237169,1,5,4,"KL15","K15","Very high","O4","O4","Very high","CTX-M-15","-","Klebsiella pneumoniae","ST37",2017
"ERR4920464","v2.3.1","v2.2.0",206169,133,5417626,1,12,9,"KL15","K15","Good","O4","O4","Very high","CTX-M-15","-","Klebsiella pneumoniae","ST37",2017
"ERR4920465","v2.3.1","v2.2.0",199308,133,5333264,0,13,8,"unknown (KL15)","unknown (K15)","None","O4","O4","Very high","-","-","Klebsiella pneumoniae","ST37",2017
"ERR4920466","v2.3.1","v2.2.0",198342,154,5451717,1,17,10,"unknown (KL15)","unknown (K15)","None","O4","O4","Very high","CTX-M-15","-","Klebsiella pneumoniae","ST37",2017
"ERR4920468","v2.3.1","v2.2.0",232755,136,5437052,1,18,10,"KL15","K15","Very high","unknown (OL102)","unknown (OL102)","None","CTX-M-15","-","Klebsiella pneumoniae","ST37",2017
"ERR4920469","v2.3.1","v2.2.0",205578,145,5431497,1,15,9,"unknown (KL15)","unknown (K15)","None","O4","O4","Very high","CTX-M-15","-","Klebsiella pneumoniae","ST37",2017
"ERR4920470","v2.3.1","v2.2.0",205578,135,5420124,1,14,9,"KL15","K15","Very high","O4","O4","Very high","CTX-M-15","-","Klebsiella pneumoniae","ST37",2017
"ERR4920471","v2.3.1","v2.2.0",198772,147,5434195,0,15,9,"KL15","K15","Good","O4","O4","Very high","-","-","Klebsiella pneumoniae","ST37",2017
"ERR4920473","v2.3.1","v2.2.0",212937,125,5397148,1,12,7,"KL15","K15","Good","O4","O4","Very high","CTX-M-15","-","Klebsiella pneumoniae","ST37",2017
"ERR4920475","v2.3.1","v2.2.0",205578,136,5409558,1,15,9,"KL15","K15","Very high","O4","O4","Very high","CTX-M-15","-","Klebsiella pneumoniae","ST37",2017
"ERR4920395","v2.3.1","v2.2.0",215690,88,5306756,1,3,3,"KL57","K57","Very high","O1/O2v2","O2afg","Very high","CTX-M-15","-","Klebsiella pneumoniae","ST218",2017
"ERR4920420","v2.3.1","v2.2.0",215687,98,5421755,1,13,8,"KL57","K57","Good","O1/O2v2","O2afg","Good","CTX-M-15","-","Klebsiella pneumoniae","ST218",2017
"ERR4920435","v2.3.1","v2.2.0",218255,109,5517553,1,10,6,"KL57","K57","Good","O1/O2v2","O2afg","Very high","CTX-M-15","-","Klebsiella pneumoniae","ST218",2017
"ERR4920436","v2.3.1","v2.2.0",281841,109,5501897,1,14,7,"KL57","K57","Very high","O1/O2v2","O2afg","Very high","CTX-M-15","-","Klebsiella pneumoniae","ST218",2017
"ERR4920443","v2.3.1","v2.2.0",215687,149,5509782,1,15,8,"KL57","K57","Very high","O1/O2v2","O2afg","Very high","CTX-M-15","-","Klebsiella pneumoniae","ST218",2017
"ERR4920445","v2.3.1","v2.2.0",215688,131,5544239,1,10,6,"KL57","K57","Good","O1/O2v2","O2afg","Very high","CTX-M-15","-","Klebsiella pneumoniae","ST218",2017
"ERR4920447","v2.3.1","v2.2.0",360234,80,5367366,1,4,3,"KL57","K57","Very high","O1/O2v2","O2afg","Very high","CTX-M-15","-","Klebsiella pneumoniae","ST218",2017
"ERR4920448","v2.3.1","v2.2.0",204102,87,5335067,1,12,7,"unknown (KL57)","unknown (K57)","None","O1/O2v2","O2afg","Very high","CTX-M-15","-","Klebsiella pneumoniae","ST218",2017
"ERR4920451","v2.3.1","v2.2.0",199600,191,5495917,1,14,8,"KL57","K57","Good","O1/O2v2","O2afg","Very high","CTX-M-15","-","Klebsiella pneumoniae","ST218",2017
"ERR4920397","v2.3.1","v2.2.0",436720,74,5548676,1,10,7,"KL39","K39","Very high","O1/O2v2","O1","Very high","CTX-M-15","-","Klebsiella pneumoniae","ST985",2017
"ERR4920398","v2.3.1","v2.2.0",705402,99,5560190,1,10,7,"KL39","K39","Very high","O1/O2v2","O1","Very high","CTX-M-15","-","Klebsiella pneumoniae","ST985",2017
"ERR4920399","v2.3.1","v2.2.0",436720,94,5556873,1,10,7,"KL39","K39","Very high","O1/O2v2","O1","Very high","CTX-M-15","-","Klebsiella pneumoniae","ST985",2017
"ERR4920401","v2.3.1","v2.2.0",383508,88,5548128,1,10,7,"KL39","K39","Very high","O1/O2v2","O1","Very high","CTX-M-15","-","Klebsiella pneumoniae","ST985",2017
"ERR4920441","v2.3.1","v2.2.0",436720,70,5550220,1,10,7,"KL39","K39","Good","O1/O2v2","O1","Very high","CTX-M-15","-","Klebsiella pneumoniae","ST985",2017
"ERR4920449","v2.3.1","v2.2.0",890549,94,5559504,1,10,7,"KL39","K39","Very high","O1/O2v2","O1","Very high","CTX-M-15","-","Klebsiella pneumoniae","ST985",2017
"ERR4920452","v2.3.1","v2.2.0",369153,95,5560037,1,10,7,"KL39","K39","Good","O1/O2v2","O1","Very high","CTX-M-15","-","Klebsiella pneumoniae","ST985",2017
"ERR4920454","v2.3.1","v2.2.0",349357,107,5541447,1,9,6,"unknown (KL39)","unknown (K39)","None","O1/O2v2","O1","Very high","CTX-M-15","-","Klebsiella pneumoniae","ST985",2017
"ERR4920400","v2.3.1","v2.2.0",259765,77,5275334,1,1,1,"unknown (KL108)","unknown (KL108)","None","O1/O2v2","O1","Good","CTX-M-15","-","Klebsiella pneumoniae","ST35",2017
"ERR4920402","v2.3.1","v2.2.0",310630,91,5456860,1,12,8,"KL108","unknown (KL108)","Very high","O1/O2v2","O1","Very high","CTX-M-15","-","Klebsiella pneumoniae","ST35",2017
"ERR4920403","v2.3.1","v2.2.0",225317,77,5375257,1,6,5,"unknown (KL108)","unknown (KL108)","None","O1/O2v2","O1","Very high","CTX-M-15","-","Klebsiella pneumoniae","ST35",2017
"ERR4920405","v2.3.1","v2.2.0",259764,76,5368922,1,6,5,"unknown (KL108)","unknown (KL108)","None","O1/O2v2","O1","Very high","CTX-M-15","-","Klebsiella pneumoniae","ST35",2017
"ERR4920410","v2.3.1","v2.2.0",259765,70,5284880,1,1,1,"KL108","unknown (KL108)","High","O1/O2v2","O1","Very high","CTX-M-15","-","Klebsiella pneumoniae","ST35",2017
"ERR4920416","v2.3.1","v2.2.0",259765,76,5377010,1,5,4,"KL108","unknown (KL108)","Good","O1/O2v2","O1","Very high","CTX-M-15","-","Klebsiella pneumoniae","ST35",2017
"ERR4920417","v2.3.1","v2.2.0",285199,78,5374011,1,2,2,"KL108","unknown (KL108)","Very high","O1/O2v2","O1","Very high","CTX-M-15","-","Klebsiella pneumoniae","ST35",2017
"ERR4920418","v2.3.1","v2.2.0",285199,69,5282171,1,1,1,"KL108","unknown (KL108)","Very high","O1/O2v2","O1","Very high","CTX-M-15","-","Klebsiella pneumoniae","ST35",2017
"ERR4920419","v2.3.1","v2.2.0",285199,90,5458638,1,14,8,"KL108","unknown (KL108)","Very high","O1/O2v2","O1","Very high","CTX-M-15","-","Klebsiella pneumoniae","ST35",2017
"ERR4920425","v2.3.1","v2.2.0",252062,93,5432005,1,12,7,"unknown (KL108)","unknown (KL108)","None","O1/O2v2","O1","Good","CTX-M-15","-","Klebsiella pneumoniae","ST35",2017
"ERR4920426","v2.3.1","v2.2.0",285071,80,5405621,1,7,6,"KL108","unknown (KL108)","Very high","O1/O2v2","O1","Very high","CTX-M-15","-","Klebsiella pneumoniae","ST35",2017
"ERR4920427","v2.3.1","v2.2.0",350220,77,5411303,1,12,7,"KL108","unknown (KL108)","Good","O1/O2v2","O1","Very high","CTX-M-15","-","Klebsiella pneumoniae","ST35",2017
"ERR4920428","v2.3.1","v2.2.0",285199,68,5379238,1,2,2,"KL108","unknown (KL108)","Very high","O1/O2v2","O1","Very high","CTX-M-15","-","Klebsiella pneumoniae","ST35",2017
"ERR4920429","v2.3.1","v2.2.0",265654,81,5431046,1,12,7,"KL108","unknown (KL108)","Good","O1/O2v2","O1","Very high","CTX-M-15","-","Klebsiella pneumoniae","ST35",2017
"ERR4920430","v2.3.1","v2.2.0",350052,72,5395696,1,7,6,"KL108","unknown (KL108)","Very high","O1/O2v2","O1","Very high","CTX-M-15","-","Klebsiella pneumoniae","ST35",2017
"ERR4920431","v2.3.1","v2.2.0",285199,83,5422631,1,12,8,"KL108","unknown (KL108)","Very high","O1/O2v2","O1","Very high","CTX-M-15","-","Klebsiella pneumoniae","ST35",2017
"ERR4920437","v2.3.1","v2.2.0",285199,83,5388294,1,8,6,"unknown (KL108)","unknown (KL108)","None","O1/O2v2","O1","Very high","CTX-M-15","-","Klebsiella pneumoniae","ST35",2017
"ERR4920438","v2.3.1","v2.2.0",350220,91,5456036,1,13,8,"KL108","unknown (KL108)","Very high","O1/O2v2","O1","Very high","CTX-M-15","-","Klebsiella pneumoniae","ST35",2017
"ERR4920439","v2.3.1","v2.2.0",350220,85,5423193,1,6,5,"KL108","unknown (KL108)","Good","O1/O2v2","O1","Very high","CTX-M-15","-","Klebsiella pneumoniae","ST35",2017
"ERR4920442","v2.3.1","v2.2.0",285199,96,5457153,1,14,8,"KL108","unknown (KL108)","Very high","O1/O2v2","O1","Very high","CTX-M-15","-","Klebsiella pneumoniae","ST35",2017
"ERR4920455","v2.3.1","v2.2.0",259764,75,5320495,1,2,2,"KL108","unknown (KL108)","Good","O1/O2v2","O1","Very high","CTX-M-15","-","Klebsiella pneumoniae","ST35",2017
"ERR4920456","v2.3.1","v2.2.0",285199,78,5428117,1,11,7,"KL108","unknown (KL108)","Very high","O1/O2v2","O1","Very high","CTX-M-15","-","Klebsiella pneumoniae","ST35",2017
"ERR4920457","v2.3.1","v2.2.0",350052,61,5299655,1,2,2,"KL108","unknown (KL108)","Very high","O1/O2v2","O1","Very high","CTX-M-15","-","Klebsiella pneumoniae","ST35",2017
"ERR4920458","v2.3.1","v2.2.0",350052,71,5391321,1,6,5,"unknown (KL108)","unknown (KL108)","Low","O1/O2v2","O1","Very high","CTX-M-15","-","Klebsiella pneumoniae","ST35",2017
"ERR4920459","v2.3.1","v2.2.0",76106,152,5328516,1,8,6,"unknown (KL107)","unknown (KL107)","None","O1/O2v1","O2a","Good","CTX-M-15","-","Klebsiella pneumoniae","ST35",2017
"ERR4920460","v2.3.1","v2.2.0",215846,97,5388574,1,11,6,"unknown (KL108)","unknown (KL108)","None","O1/O2v2","O1","Very high","CTX-M-15","-","Klebsiella pneumoniae","ST35",2017
"ERR4920462","v2.3.1","v2.2.0",350220,64,5294797,1,6,5,"KL108","unknown (KL108)","Good","O1/O2v2","O1","Very high","CTX-M-15","-","Klebsiella pneumoniae","ST35",2017
"ERR4920467","v2.3.1","v2.2.0",259765,78,5400367,1,6,5,"KL108","unknown (KL108)","Very high","O1/O2v2","O1","Very high","CTX-M-15","-","Klebsiella pneumoniae","ST35",2017
"ERR4920472","v2.3.1","v2.2.0",259762,100,5444673,1,11,8,"unknown (KL108)","unknown (KL108)","None","O1/O2v2","O1","Very high","CTX-M-15","-","Klebsiella pneumoniae","ST35",2017
"ERR4920474","v2.3.1","v2.2.0",161354,84,5348709,1,6,5,"unknown (KL108)","unknown (KL108)","None","O1/O2v2","O1","Very high","CTX-M-15","-","Klebsiella pneumoniae","ST35",2017
"ERR4920476","v2.3.1","v2.2.0",266813,78,5376410,1,6,5,"unknown (KL108)","unknown (KL108)","Low","O1/O2v2","O1","Very high","CTX-M-15","-","Klebsiella pneumoniae","ST35",2017
"ERR4920477","v2.3.1","v2.2.0",285199,73,5374400,1,6,5,"unknown (KL108)","unknown (KL108)","None","O1/O2v2","O1","Very high","CTX-M-15","-","Klebsiella pneumoniae","ST35",2017
"ERR4920478","v2.3.1","v2.2.0",285199,71,5335162,1,2,2,"KL108","unknown (KL108)","Good","O1/O2v2","O1","Very high","CTX-M-15","-","Klebsiella pneumoniae","ST35",2017
"ERR4920480","v2.3.1","v2.2.0",350052,71,5408487,1,10,6,"KL108","unknown (KL108)","Good","O1/O2v2","O1","Very high","CTX-M-15","-","Klebsiella pneumoniae","ST35",2017
"ERR4920482","v2.3.1","v2.2.0",285199,80,5348305,1,7,6,"KL108","unknown (KL108)","Good","O1/O2v2","O1","Very high","CTX-M-15","-","Klebsiella pneumoniae","ST35",2017
"ERR4920483","v2.3.1","v2.2.0",285199,79,5371592,1,3,3,"KL108","unknown (KL108)","Good","O1/O2v2","O1","Very high","CTX-M-15","-","Klebsiella pneumoniae","ST35",2017
"ERR4920484","v2.3.1","v2.2.0",350220,67,5387931,1,6,5,"KL108","unknown (KL108)","Good","O1/O2v2","O1","Very high","CTX-M-15","-","Klebsiella pneumoniae","ST35",2017
"ERR4920485","v2.3.1","v2.2.0",285199,73,5318654,1,1,1,"KL108","unknown (KL108)","Good","O1/O2v2","O1","Very high","CTX-M-15","-","Klebsiella pneumoniae","ST35",2017
"ERR4920434","v2.3.1","v2.2.0",228466,144,5576806,1,10,6,"KL106","unknown (KL106)","Good","O1/O2v2","O1","Very high","CTX-M-15","-","Klebsiella pneumoniae","ST101-1LV",2017
"ERR4920446","v2.3.1","v2.2.0",370641,79,5501667,1,11,7,"KL30","K30","Very high","O1/O2v2","O1","Very high","CTX-M-15","-","Klebsiella pneumoniae","ST391",2017
"ERR4920479","v2.3.1","v2.2.0",187208,159,5659107,1,11,7,"KL2","K2","Good","O1/O2v2","O2afg","Very high","CTX-M-15","-","Klebsiella pneumoniae","ST25",2017
"ERR4920481","v2.3.1","v2.2.0",326178,166,5463307,1,10,6,"KL112","unknown (KL112)","Very high","O1/O2v2","O2afg","Very high","CTX-M-15","-","Klebsiella pneumoniae","ST17",2017
"ERR4920486","v2.3.1","v2.2.0",394646,186,5691802,2,11,8,"KL18","K18","High","O1/O2v2","O1","Very high","CTX-M-15","NDM-1","Klebsiella pneumoniae","ST967",2017
"ERR4920487","v2.3.1","v2.2.0",259546,189,5705550,2,11,8,"KL18","K18","Very high","O1/O2v2","O1","Very high","CTX-M-15","NDM-1","Klebsiella pneumoniae","ST967",2017
"ERR4920488","v2.3.1","v2.2.0",149554,213,5708622,2,17,9,"KL2","K2","Very high","O1/O2v2","O2afg","Very high","CTX-M-15","NDM-1;OXA-181","Klebsiella pneumoniae","ST25",2017
"ERR4920489","v2.3.1","v2.2.0",210142,153,5640974,2,11,7,"KL112","unknown (KL112)","Very high","O1/O2v1","O1","Very high","CTX-M-15","NDM-1","Klebsiella pneumoniae","ST15",2017
"ERR4920490","v2.3.1","v2.2.0",337786,94,5550009,2,6,4,"KL62","K62","Very high","O1/O2v1","O1","Very high","CTX-M-15","NDM-1","Klebsiella pneumoniae","ST2534",2017
"ERR4920492","v2.3.1","v2.2.0",306355,95,5638334,1,8,6,"unknown (KL107)","unknown (KL107)","None","OL101","unknown (OL101)","High","CTX-M-15","-","Klebsiella pneumoniae","ST45",2017
"ERR4920496","v2.3.1","v2.2.0",331359,93,5646664,1,8,6,"KL52","K52","Good","OL101","unknown (OL101)","High","CTX-M-15","-","Klebsiella pneumoniae","ST45",2017
"ERR4920491","v2.3.1","v2.2.0",167728,118,5302323,1,11,8,"unknown (KL15)","unknown (K15)","None","O4","O4","Very high","CTX-M-15","-","Klebsiella pneumoniae","ST340",2017
"ERR4920493","v2.3.1","v2.2.0",185846,144,5756667,2,17,9,"unknown (KL116)","unknown (KL116)","None","O1/O2v1","O1","Very high","CTX-M-15","NDM-1?","Klebsiella pneumoniae","ST4410",2017
"ERR4920494","v2.3.1","v2.2.0",222328,85,5137249,0,0,0,"unknown (KL31)","unknown (K31)","None","O3/O3a","O3/O3a","Good","-","-","Klebsiella pneumoniae","ST76",2017
"ERR4920495","v2.3.1","v2.2.0",181998,95,5182651,0,0,0,"unknown (KL31)","unknown (K31)","None","O3/O3a","O3/O3a","Very high","-","-","Klebsiella pneumoniae","ST76",2017
"ERR4920497","v2.3.1","v2.2.0",74551,155,5035511,0,0,0,"unknown (KL50)","unknown (K50)","None","O3b","O3b","Good","-","-","Klebsiella pneumoniae","ST4408",2017
"ERR4920498","v2.3.1","v2.2.0",119353,104,5233149,0,11,7,"unknown (KL107)","unknown (KL107)","None","O1/O2v2","O2afg","Very high","-","-","Klebsiella pneumoniae","ST307",2017
"ERR4920499","v2.3.1","v2.2.0",178761,103,5201188,0,0,0,"KL57","K57","Good","O1/O2v2","O1","Very high","-","-","Klebsiella pneumoniae","ST1035",2017
"ERR4920500","v2.3.1","v2.2.0",348288,56,5063464,0,0,0,"KL13","K13","Good","O1/O2v1","O1","Very high","-","-","Klebsiella pneumoniae","ST815",2017
"ERR4920501","v2.3.1","v2.2.0",203259,112,5506391,2,9,8,"unknown (KL15)","unknown (K15)","Low","O4","O4","Good","CTX-M-15","NDM-5","Klebsiella pneumoniae","ST11",2017
"ERR4920502","v2.3.1","v2.2.0",355214,103,5411459,1,8,6,"unknown (KL116)","unknown (KL116)","None","O1/O2v1","O1","Very high","CTX-M-15","-","Klebsiella pneumoniae","ST133",2017
"ERR4920503","v2.3.1","v2.2.0",235315,74,5170658,0,0,0,"unknown (KL57)","unknown (K57)","None","O3b","O3b","Good","-","-","Klebsiella pneumoniae","ST592",2017
"ERR4920504","v2.3.1","v2.2.0",304552,72,5183512,0,0,0,"KL57","K57","Good","O3b","O3b","Good","-","-","Klebsiella pneumoniae","ST592",2017
"ERR4920505","v2.3.1","v2.2.0",318766,140,5436578,1,11,7,"KL116","unknown (KL116)","Good","O1/O2v1","O1","Very high","CTX-M-15","-","Klebsiella pneumoniae","ST39",2017
"ERR4920506","v2.3.1","v2.2.0",309063,214,5418609,0,0,0,"unknown (KL137)","unknown (KL137)","None","unknown (OL101)","unknown (OL101)","None","-","-","Klebsiella pneumoniae","ST4074",2017
"ERR4920507","v2.3.1","v2.2.0",332963,114,5637641,2,9,7,"KL53","K53","Good","O1/O2v1","O1","Very high","CTX-M-15","NDM-7","Klebsiella pneumoniae","ST464",2016
"ERR4920508","v2.3.1","v2.2.0",184545,106,5548511,2,4,5,"KL53","K53","Good","O1/O2v1","O1","Very high","CTX-M-15","NDM-7","Klebsiella pneumoniae","ST464",2016
"ERR4920509","v2.3.1","v2.2.0",73501,216,5601382,2,10,8,"KL53","K53","Good","O1/O2v1","O1","Very high","CTX-M-15","NDM-7","Klebsiella pneumoniae","ST464",2016
"ERR4920510","v2.3.1","v2.2.0",316732,111,5608914,2,4,5,"KL53","K53","Good","O1/O2v1","O1","Very high","CTX-M-15","NDM-7","Klebsiella pneumoniae","ST464",2016
"ERR4920521","v2.3.1","v2.2.0",220842,111,5551695,2,3,4,"KL53","K53","Good","O1/O2v1","O1","Very high","CTX-M-15","NDM-7","Klebsiella pneumoniae","ST464",2016
"ERR4920531","v2.3.1","v2.2.0",181681,109,5517377,2,3,4,"unknown (KL53)","unknown (K53)","None","O1/O2v1","O1","Very high","CTX-M-15","NDM-7","Klebsiella pneumoniae","ST464",2016
"ERR4920539","v2.3.1","v2.2.0",316732,118,5639882,2,11,8,"KL53","K53","Good","O1/O2v1","O1","Very high","CTX-M-15","NDM-7","Klebsiella pneumoniae","ST464",2016
"ERR4920511","v2.3.1","v2.2.0",243977,93,5459818,1,11,8,"KL62","K62","Good","O1/O2v2","O1","Very high","CTX-M-15","-","Klebsiella pneumoniae","ST39",2017
"ERR4920512","v2.3.1","v2.2.0",290397,162,5641680,2,12,8,"KL28","K28","Very high","O1/O2v2","O1","Very high","CTX-M-15","NDM-1","Klebsiella pneumoniae","ST20",2017
"ERR4920513","v2.3.1","v2.2.0",267048,161,5639742,2,12,8,"KL28","K28","Very high","O1/O2v2","O1","Very high","CTX-M-15","NDM-1","Klebsiella pneumoniae","ST20",2017
"ERR4920537","v2.3.1","v2.2.0",363120,152,5609514,2,8,5,"unknown (KL28)","unknown (K28)","None","O1/O2v2","O1","Very high","-","NDM-1","Klebsiella pneumoniae","ST20",2016
"ERR4920514","v2.3.1","v2.2.0",230286,173,5706166,1,10,6,"KL2","K2","Very high","O1/O2v1","O1","Very high","CTX-M-15","-","Klebsiella pneumoniae","ST39",2017
"ERR4920515","v2.3.1","v2.2.0",254076,101,5517684,1,10,7,"KL116","unknown (KL116)","Good","O1/O2v1","O1","Very high","CTX-M-15","-","Klebsiella pneumoniae","ST133",2017
"ERR4920517","v2.3.1","v2.2.0",233272,127,5604383,2,12,8,"KL102","unknown (KL102)","Very high","O1/O2v2","O2afg","Very high","CTX-M-15","NDM-1","Klebsiella pneumoniae","ST377",2016
"ERR4920516","v2.3.1","v2.2.0",227594,132,5513868,1,10,7,"KL48","K48","High","O1/O2v1","O1","Good","CTX-M-15","-","Klebsiella pneumoniae","ST15",2017
"ERR4920518","v2.3.1","v2.2.0",19405,508,5389279,2,6,7,"KL53","K53","Good","O1/O2v1","O1","Very high","CTX-M-15","NDM-7","Klebsiella pneumoniae","ST464",2016
"ERR4920519","v2.3.1","v2.2.0",211766,116,5540276,1,9,7,"KL2","K2","Very high","O1/O2v1","O1","Very high","CTX-M-15","-","Klebsiella pneumoniae","ST39",2017
"ERR4920520","v2.3.1","v2.2.0",203666,103,5342630,1,11,7,"KL25","K25","Good","O1/O2v1","O1","Very high","CTX-M-15","-","Klebsiella pneumoniae","ST73",2017
"ERR4920523","v2.3.1","v2.2.0",235384,135,5767206,2,15,7,"KL116","unknown (KL116)","Good","O1/O2v1","O1","Very high","-","NDM-1","Klebsiella pneumoniae","ST4410",2017
"ERR4920524","v2.3.1","v2.2.0",208581,116,5727675,2,16,8,"unknown (KL116)","unknown (KL116)","None","O1/O2v1","O1","Very high","CTX-M-15","NDM-1","Klebsiella pneumoniae","ST4410",2017
"ERR4920525","v2.3.1","v2.2.0",146798,96,5352599,1,11,8,"KL122","unknown (KL122)","Good","O1/O2v2","O2afg","Very high","CTX-M-14","-","Klebsiella pneumoniae","ST17",2016
"ERR4920526","v2.3.1","v2.2.0",33168,385,5437103,2,5,5,"KL53","K53","Good","O1/O2v1","O1","Very high","-","NDM-7","Klebsiella pneumoniae","ST464-1LV",2016
"ERR4920527","v2.3.1","v2.2.0",309078,76,5499876,0,7,4,"KL155","unknown (KL155)","Good","OL101","unknown (OL101)","Good","-","-","Klebsiella pneumoniae","ST40",2017
"ERR4920529","v2.3.1","v2.2.0",327734,83,5491815,1,10,7,"KL102","unknown (KL102)","Very high","O1/O2v2","O2afg","Very high","CTX-M-15","-","Klebsiella pneumoniae","ST307",2017
"ERR4920528","v2.3.1","v2.2.0",306511,75,5415755,1,11,7,"unknown (KL39)","unknown (K39)","None","O1/O2v2","O1","Good","CTX-M-15","-","Klebsiella pneumoniae","ST985",2017
"ERR4920530","v2.3.1","v2.2.0",158735,155,5626924,1,10,6,"unknown (KL62)","unknown (K62)","None","O1/O2v1","O1","Very high","CTX-M-15","-","Klebsiella pneumoniae","ST48",2016
"ERR4920532","v2.3.1","v2.2.0",199874,143,5579774,1,9,6,"KL23","K23","Very high","O1/O2v2","O1","Very high","CTX-M-15","-","Klebsiella pneumoniae","ST39",2016
"ERR4920533","v2.3.1","v2.2.0",166845,123,5362392,2,12,8,"unknown (KL28)","unknown (K28)","None","O1/O2v1","O2a","Very high","CTX-M-15","NDM-1","Klebsiella pneumoniae","ST442",2016
"ERR4920534","v2.3.1","v2.2.0",208684,124,5368278,2,12,8,"KL28","K28","Good","O1/O2v1","O2a","Very high","CTX-M-15","NDM-1","Klebsiella pneumoniae","ST442",2016
"ERR4920540","v2.3.1","v2.2.0",192228,126,5344023,2,12,8,"unknown (KL28)","unknown (K28)","None","O1/O2v1","O2a","Very high","CTX-M-15","NDM-1","Klebsiella pneumoniae","ST442",2016
"ERR4920541","v2.3.1","v2.2.0",236395,123,5352751,2,9,7,"unknown (KL28)","unknown (K28)","Low","O1/O2v1","O2a","Very high","CTX-M-15","NDM-1?","Klebsiella pneumoniae","ST442",2016
"ERR4920542","v2.3.1","v2.2.0",208684,114,5356378,2,11,8,"unknown (KL28)","unknown (K28)","None","O1/O2v1","O2a","Very high","CTX-M-15","NDM-1","Klebsiella pneumoniae","ST442",2016
"ERR4920543","v2.3.1","v2.2.0",168360,126,5345981,2,11,8,"unknown (KL28)","unknown (K28)","None","O1/O2v1","O2a","Very high","CTX-M-15","NDM-1","Klebsiella pneumoniae","ST442",2016
"ERR4920535","v2.3.1","v2.2.0",161718,193,5835409,2,20,9,"KL108","unknown (KL108)","Very high","O1/O2v2","O1","Very high","CTX-M-15","NDM-1","Klebsiella pneumoniae","ST395",2016
"ERR4920538","v2.3.1","v2.2.0",240514,92,5504993,1,11,7,"unknown (KL102)","unknown (KL102)","None","O1/O2v2","O2afg","Very high","CTX-M-15","-","Klebsiella pneumoniae","ST3248",2016
"ERR4920544","v2.3.1","v2.2.0",204004,170,5805666,1,12,7,"KL62","K62","Very high","O1/O2v1","O1","Very high","CTX-M-15","-","Klebsiella pneumoniae","ST348",2017
"ERR4920545","v2.3.1","v2.2.0",418391,45,5187910,0,0,0,"KL54","K54","Very high","O1/O2v2","O1","Very high","-","-","Klebsiella pneumoniae","ST170",2016
"ERR4920546","v2.3.1","v2.2.0",289925,89,5259688,1,4,4,"KL62","K62","Good","O1/O2v2","O1","Very high","CTX-M-15","-","Klebsiella pneumoniae","ST530",2017
"ERR4920547","v2.3.1","v2.2.0",376651,53,5379272,0,0,0,"KL10","K10","Very high","O3/O3a","O3/O3a","Very high","-","-","Klebsiella pneumoniae","ST76",2016
"ERR4920548","v2.3.1","v2.2.0",133285,142,5863720,2,12,6,"KL112","unknown (KL112)","Good","O1/O2v1","O1","Very high","CTX-M-15","NDM-1;OXA-181","Klebsiella pneumoniae","ST15",2016
"ERR4920549","v2.3.1","v2.2.0",181411,99,5398698,1,8,7,"unknown (KL39)","unknown (K39)","None","O1/O2v1","O2a","Good","CTX-M-15","-","Klebsiella pneumoniae","ST133",2017
"ERR4920550","v2.3.1","v2.2.0",99950,181,5855803,1,14,7,"KL112","unknown (KL112)","Good","O1/O2v1","O1","Very high","CTX-M-15;VEB-5","-","Klebsiella pneumoniae","ST15",2016
"ERR4920551","v2.3.1","v2.2.0",48613,306,5869852,2,10,6,"unknown (KL112)","unknown (KL112)","None","O1/O2v1","O1","Very high","CTX-M-15","NDM-1","Klebsiella pneumoniae","ST15",2016
"ERR4920552","v2.3.1","v2.2.0",243476,71,5473573,1,5,4,"unknown (KL107)","unknown (KL107)","None","O1/O2v1","O1","Very high","CTX-M-15","-","Klebsiella pneumoniae","ST4411",2016
"ERR4920554","v2.3.1","v2.2.0",120399,151,5635603,2,8,6,"KL112","unknown (KL112)","Good","O1/O2v1","O1","Very high","CTX-M-15","NDM-1;OXA-181","Klebsiella pneumoniae","ST15",2016
"ERR4920553","v2.3.1","v2.2.0",166666,127,5755631,2,12,6,"KL112","unknown (KL112)","Very high","O1/O2v1","O1","Very high","CTX-M-15","NDM-1;OXA-181","Klebsiella pneumoniae","ST15",2016
"ERR4920556","v2.3.1","v2.2.0",116377,159,5813019,2,12,6,"KL112","unknown (KL112)","Very high","O1/O2v1","O1","Very high","CTX-M-15","NDM-1;OXA-181","Klebsiella pneumoniae","ST15",2016
"ERR4920557","v2.3.1","v2.2.0",69442,220,5774120,2,11,6,"unknown (KL112)","unknown (KL112)","None","O1/O2v1","O1","Very high","CTX-M-15","NDM-1;OXA-181","Klebsiella pneumoniae","ST15",2016
"ERR4920558","v2.3.1","v2.2.0",104227,157,5745723,2,10,6,"unknown (KL112)","unknown (KL112)","None","O1/O2v1","O1","Good","CTX-M-15","NDM-1;OXA-181","Klebsiella pneumoniae","ST15",2016
"ERR4920560","v2.3.1","v2.2.0",190182,124,5723307,2,12,6,"unknown (KL112)","unknown (KL112)","None","unknown (OL102)","unknown (OL102)","None","CTX-M-15","NDM-1;OXA-181","Klebsiella pneumoniae","ST15",2016
"ERR4920561","v2.3.1","v2.2.0",195451,87,5646610,2,8,6,"KL112","unknown (KL112)","Very high","O1/O2v1","O1","Very high","CTX-M-15","NDM-1;OXA-181","Klebsiella pneumoniae","ST15",2016
"ERR4920564","v2.3.1","v2.2.0",133373,148,5820925,2,12,6,"unknown (KL112)","unknown (KL112)","None","O1/O2v1","O1","Very high","CTX-M-15","NDM-1;OXA-181","Klebsiella pneumoniae","ST15",2016
"ERR4920578","v2.3.1","v2.2.0",151525,127,5785567,2,10,6,"KL112","unknown (KL112)","Good","O1/O2v1","O1","Very high","CTX-M-15","NDM-1;OXA-181","Klebsiella pneumoniae","ST15",2017
"ERR4920580","v2.3.1","v2.2.0",137048,138,5797753,2,11,6,"KL112","unknown (KL112)","Very high","O1/O2v1","O1","Very high","CTX-M-15","NDM-1;OXA-181","Klebsiella pneumoniae","ST15",2017
"ERR4920555","v2.3.1","v2.2.0",74456,247,5711336,2,9,5,"KL112","unknown (KL112)","Good","O1/O2v1","O1","Very high","CTX-M-15;CTX-M-15","OXA-181","Klebsiella pneumoniae","ST15",2016
"ERR4920559","v2.3.1","v2.2.0",80972,230,5582281,2,8,6,"KL112","unknown (KL112)","Good","O1/O2v1","O1","Very high","CTX-M-15","NDM-1;OXA-181","Klebsiella pneumoniae","ST15",2016
"ERR4920562","v2.3.1","v2.2.0",176852,174,5556565,1,4,4,"KL34","K34","Good","O1/O2v2","O2afg","Good","CTX-M-15?","-","Klebsiella pneumoniae","ST611",2016
"ERR4920563","v2.3.1","v2.2.0",257838,246,5612621,1,7,6,"KL34","K34","Very high","O1/O2v2","O2afg","Very high","CTX-M-15","-","Klebsiella pneumoniae","ST611",2016
"ERR4920566","v2.3.1","v2.2.0",36042,342,5674148,2,14,7,"unknown (KL107)","unknown (KL107)","None","unknown (O1/O2v1)","unknown (O2a)","None","-","NDM-1","Klebsiella pneumoniae","ST70",2016
"ERR4920567","v2.3.1","v2.2.0",325567,108,5854550,2,20,9,"KL136","unknown (KL136)","Very high","O1/O2v2","O1","Very high","CTX-M-15","NDM-1","Klebsiella pneumoniae","ST70",2016
"ERR4920584","v2.3.1","v2.2.0",46464,276,5723007,2,15,8,"unknown (KL107)","unknown (KL107)","None","unknown (O1/O2v1)","unknown (O2a)","None","-","NDM-1","Klebsiella pneumoniae","ST70",2017
"ERR4920568","v2.3.1","v2.2.0",69014,283,5846578,2,19,9,"unknown (KL107)","unknown (KL107)","None","unknown (O1/O2v1)","unknown (O2a)","None","CTX-M-15","NDM-1","Klebsiella pneumoniae","ST995",2016
"ERR4920570","v2.3.1","v2.2.0",40828,354,5686145,2,16,8,"unknown (KL107)","unknown (KL107)","None","unknown (O1/O2v1)","unknown (O2a)","None","-","NDM-1","Klebsiella pneumoniae","ST995",2016
"ERR4920572","v2.3.1","v2.2.0",90866,227,5875945,2,20,9,"unknown (KL117)","unknown (KL117)","None","O1/O2v1","O1","Very high","CTX-M-15","NDM-1","Klebsiella pneumoniae","ST995",2016
"ERR4920582","v2.3.1","v2.2.0",240089,207,5955548,1,16,8,"KL117","unknown (KL117)","Good","O1/O2v1","O1","Very high","CTX-M-15","-","Klebsiella pneumoniae","ST995",2017
"ERR4920571","v2.3.1","v2.2.0",14670,637,5473267,2,5,5,"KL24","K24","Good","O1/O2v1","O2a","Good","-","NDM-7","Klebsiella pneumoniae","ST11",2016
"ERR4920576","v2.3.1","v2.2.0",182450,118,5200462,1,8,7,"unknown (KL31)","unknown (K31)","None","O3/O3a","O3/O3a","Very high","CTX-M-15","-","Klebsiella pneumoniae","ST76",2016
"ERR4920591","v2.3.1","v2.2.0",179314,109,5453583,2,6,6,"KL112","unknown (KL112)","Good","O1/O2v1","O1","Very high","CTX-M-15","NDM-1","Klebsiella pneumoniae","ST15",2017
"ERR4920579","v2.3.1","v2.2.0",129850,188,5917630,2,7,6,"KL112","unknown (KL112)","Good","O1/O2v1","O1","Very high","CTX-M-15","NDM-1","Klebsiella pneumoniae","ST15",2017
"ERR4920585","v2.3.1","v2.2.0",390624,114,5873317,2,15,8,"KL64","K64","Good","O1/O2v1","O1","Very high","-","NDM-1","Klebsiella pneumoniae","ST20",2017
"ERR4920588","v2.3.1","v2.2.0",307819,206,5595838,1,8,7,"unknown (KL14)","unknown (K14)","None","O3b","O3b","Good","CTX-M-15","-","Klebsiella pneumoniae","ST1877",2017
"ERR4920592","v2.3.1","v2.2.0",12921,626,5159967,1,5,3,"unknown (KL107)","unknown (KL107)","None","unknown (O3/O3a)","unknown (O3/O3a)","None","CTX-M-15","-","Klebsiella pneumoniae","ST14",2017
"ERR4920593","v2.3.1","v2.2.0",19327,468,5220378,1,4,2,"unknown (KL5)","unknown (K5)","None","unknown (O3/O3a)","unknown (O3/O3a)","None","CTX-M-15","-","Klebsiella pneumoniae","ST14",2017
"ERR4920594","v2.3.1","v2.2.0",197255,177,5605904,1,14,7,"KL62","K62","Good","O1/O2v2","O1","Very high","CTX-M-15","-","Klebsiella pneumoniae","ST39",2017
"ERR4920595","v2.3.1","v2.2.0",286212,119,5868540,1,9,7,"unknown (KL102)","unknown (KL102)","None","O1/O2v2","O2afg","Very high","CTX-M-15","-","Klebsiella pneumoniae","ST307",2016
"ERR4920596","v2.3.1","v2.2.0",203842,155,5879640,1,7,6,"unknown (KL102)","unknown (KL102)","None","O1/O2v2","O2afg","Good","CTX-M-15","-","Klebsiella pneumoniae","ST307",2016
"ERR4920603","v2.3.1","v2.2.0",162075,144,5882758,1,10,7,"KL102","unknown (KL102)","Very high","O1/O2v2","O2afg","Very high","CTX-M-15","-","Klebsiella pneumoniae","ST307",2016
"ERR4920606","v2.3.1","v2.2.0",161023,161,5872686,1,8,6,"KL102","unknown (KL102)","Very high","O1/O2v2","O2afg","Very high","CTX-M-15","-","Klebsiella pneumoniae","ST307",2016
"ERR4920597","v2.3.1","v2.2.0",248160,108,5426133,1,14,9,"unknown (KL25)","unknown (K25)","None","O1/O2v1","O1","Very high","CTX-M-15","-","Klebsiella pneumoniae","ST607",2016
"ERR4920598","v2.3.1","v2.2.0",327727,104,5520043,1,8,5,"KL64","K64","Very high","O1/O2v1","O1","Very high","CTX-M-15","-","Klebsiella pneumoniae","ST2986",2016
"ERR4920604","v2.3.1","v2.2.0",375688,135,5685587,1,11,8,"KL64","K64","Good","O1/O2v1","O1","Very high","CTX-M-15","-","Klebsiella pneumoniae","ST2986",2017
"ERR4920605","v2.3.1","v2.2.0",252046,138,5672592,1,11,8,"KL64","K64","Good","O1/O2v1","O1","Very high","CTX-M-15","-","Klebsiella pneumoniae","ST2986",2017
"ERR4920599","v2.3.1","v2.2.0",391789,105,5501326,1,7,6,"KL122","unknown (KL122)","Good","O1/O2v2","O1","Very high","CTX-M-15","-","Klebsiella pneumoniae","ST17",2016
"ERR4920600","v2.3.1","v2.2.0",369212,84,5428738,0,3,2,"KL122","unknown (KL122)","Good","O1/O2v2","O2afg","Very high","-","-","Klebsiella pneumoniae","ST17",2016
"ERR4920602","v2.3.1","v2.2.0",317871,94,5388155,1,9,6,"unknown (KL62)","unknown (K62)","Low","O1/O2v1","O1","Very high","CTX-M-15","-","Klebsiella pneumoniae","ST48",2016
"ERR4920601","v2.3.1","v2.2.0",312406,98,5388757,1,10,6,"KL62","K62","Good","O1/O2v1","O1","Very high","CTX-M-15","-","Klebsiella pneumoniae","ST48",2016
"ERR4920607","v2.3.1","v2.2.0",203288,117,5575830,1,6,6,"KL102","unknown (KL102)","Good","O1/O2v2","O2afg","Very high","CTX-M-15","-","Klebsiella pneumoniae","ST307",2016
"ERR4920608","v2.3.1","v2.2.0",240574,176,5948809,1,10,7,"unknown (KL102)","unknown (KL102)","None","O1/O2v2","O2afg","Very high","CTX-M-15","-","Klebsiella pneumoniae","ST307",2016
"ERR4920609","v2.3.1","v2.2.0",174347,176,5961358,1,10,6,"KL102","unknown (KL102)","Very high","O1/O2v2","O2afg","Very high","CTX-M-15","-","Klebsiella pneumoniae","ST307",2016
"ERR4920610","v2.3.1","v2.2.0",360089,54,5309418,0,4,4,"unknown (KL64)","unknown (K64)","None","O1/O2v1","O1","Very high","-","-","Klebsiella pneumoniae","ST2986",2016
"ERR4920611","v2.3.1","v2.2.0",63456,181,5408848,1,3,3,"unknown (KL5)","unknown (K5)","None","O1/O2v1","O2a","Good","CTX-M-15","-","Klebsiella pneumoniae","ST35",2017
"ERR4920612","v2.3.1","v2.2.0",248527,141,5633928,1,15,8,"KL62","K62","Good","O1/O2v1","O1","Very high","CTX-M-15","-","Klebsiella pneumoniae","ST48",2017
"ERR4920614","v2.3.1","v2.2.0",168561,201,5305282,0,0,0,"KL102","unknown (KL102)","Good","O1/O2v2","O2afg","Very high","-","-","Klebsiella pneumoniae","ST36",2016
"ERR4920613","v2.3.1","v2.2.0",362830,67,5505921,1,6,6,"KL136","unknown (KL136)","Very high","O1/O2v2","O1","Very high","CTX-M-15","-","Klebsiella pneumoniae","ST70",2016
"ERR4920615","v2.3.1","v2.2.0",238563,158,5821580,1,12,7,"KL62","K62","Very high","O1/O2v1","O1","Very high","CTX-M-15","-","Klebsiella pneumoniae","ST348",2017
"ERR4920616","v2.3.1","v2.2.0",196131,132,5789861,1,11,7,"KL62","K62","Very high","O1/O2v1","O1","Very high","CTX-M-15","-","Klebsiella pneumoniae","ST348",2017
"ERR4920622","v2.3.1","v2.2.0",146216,166,5775673,1,10,7,"unknown (KL62)","unknown (K62)","None","O1/O2v1","O1","Good","CTX-M-15","-","Klebsiella pneumoniae","ST348",2017
"ERR4920617","v2.3.1","v2.2.0",394983,99,5468230,0,0,0,"KL9","K9","Very high","O1/O2v2","O2afg","Very high","-","-","Klebsiella pneumoniae","ST22",2017
"ERR4920618","v2.3.1","v2.2.0",167943,120,5576153,1,10,6,"KL62","K62","Good","O1/O2v1","O1","Very high","CTX-M-15","-","Klebsiella pneumoniae","ST348",2016
"ERR4920620","v2.3.1","v2.2.0",150179,160,5638801,1,11,6,"KL62","K62","Very high","O1/O2v1","O1","Very high","CTX-M-15","-","Klebsiella pneumoniae","ST348",2016
"ERR4920624","v2.3.1","v2.2.0",149196,142,5611754,1,13,6,"KL62","K62","Very high","O1/O2v1","O1","Very high","CTX-M-15","-","Klebsiella pneumoniae","ST348",2016
"ERR4920619","v2.3.1","v2.2.0",50108,280,5451001,1,8,6,"KL62","K62","Very high","O1/O2v1","O1","Very high","CTX-M-15*","-","Klebsiella pneumoniae","ST348",2016
"ERR4920621","v2.3.1","v2.2.0",312018,114,5312972,0,0,0,"KL12","K12","Very high","O1/O2v1","O1","Very high","-","-","Klebsiella pneumoniae","ST163",2017
"ERR4920623","v2.3.1","v2.2.0",310408,89,5495482,0,7,5,"KL122","unknown (KL122)","Good","O1/O2v2","O1","Very high","-","-","Klebsiella pneumoniae","ST17",2016
"ERR4920625","v2.3.1","v2.2.0",283793,130,5678224,1,10,6,"KL30","K30","Good","O1/O2v2","O1","Very high","CTX-M-15","-","Klebsiella pneumoniae","ST29",2017
"ERR4920627","v2.3.1","v2.2.0",153312,151,5374561,0,10,5,"unknown (KL8)","unknown (K8)","None","O1/O2v1","O1","Very high","-","-","Klebsiella pneumoniae","ST1414",2016
"ERR4920626","v2.3.1","v2.2.0",229070,119,5518621,0,9,6,"KL14","K14","Good","O3b","O3b","Good","-","-","Klebsiella pneumoniae","ST37",2017
"ERR4920628","v2.3.1","v2.2.0",201706,126,5616706,1,5,5,"KL2","K2","Very high","O1/O2v1","O1","Very high","CTX-M-15","-","Klebsiella pneumoniae","ST39",2016
"ERR4920629","v2.3.1","v2.2.0",204081,113,5575284,1,1,2,"KL2","K2","Very high","O1/O2v1","O1","Very high","CTX-M-15","-","Klebsiella pneumoniae","ST39",2016
"ERR4920574","v2.3.1","v2.2.0",219858,249,5945320,2,20,9,"KL34","K34","Good","O1/O2v2","O2afg","Very high","CTX-M-15","NDM-1","Klebsiella pneumoniae","ST611",
"ERR4920573","v2.3.1","v2.2.0",27589,453,5669075,2,17,8,"unknown (KL107)","unknown (KL107)","None","O1/O2v1","O2a","Good","-","NDM-1","Klebsiella pneumoniae","ST87-1LV",
"ERR4920583","v2.3.1","v2.2.0",114921,144,5651665,2,8,6,"unknown (KL112)","unknown (KL112)","None","O1/O2v1","O1","Very high","CTX-M-15","OXA-181","Klebsiella pneumoniae","ST15",
"ERR4920587","v2.3.1","v2.2.0",151525,116,5674896,2,8,6,"unknown (KL112)","unknown (KL112)","None","O1/O2v1","O1","Very high","CTX-M-15","NDM-1;OXA-181","Klebsiella pneumoniae","ST15",
"ERR4920536","v2.3.1","v2.2.0",180421,154,5617647,2,12,8,"unknown (KL108)","unknown (KL108)","None","O1/O2v2","O1","Very high","-","NDM-1","Klebsiella pneumoniae","ST395",
"ERR4920590","v2.3.1","v2.2.0",133816,139,5764583,2,12,6,"KL112","unknown (KL112)","Good","O1/O2v1","O1","Very high","CTX-M-15","NDM-1;OXA-181","Klebsiella pneumoniae","ST15",
"ERR4920581","v2.3.1","v2.2.0",177400,210,5934402,0,15,7,"KL117","unknown (KL117)","Good","O1/O2v1","O1","Very high","-","-","Klebsiella pneumoniae","ST995",
"ERR4920569","v2.3.1","v2.2.0",64665,220,5640976,2,10,6,"unknown (KL107)","unknown (KL107)","None","O1/O2v1","O1","Very high","CTX-M-15","NDM-1;OXA-181","Klebsiella pneumoniae","ST15",
"ERR4920577","v2.3.1","v2.2.0",133916,140,5607425,2,3,3,"unknown (KL107)","unknown (KL107)","None","O1/O2v1","O1","Very high","CTX-M-15","OXA-181","Klebsiella pneumoniae","ST15",
"ERR4920575","v2.3.1","v2.2.0",298392,187,5896357,1,16,9,"unknown (KL34)","unknown (K34)","Low","O1/O2v2","O2afg","Very high","CTX-M-15","-","Klebsiella pneumoniae","ST611",
"ERR4920522","v2.3.1","v2.2.0",312060,74,5426610,1,4,4,"KL3","K3","Good","O1/O2v2","O1","Very high","CTX-M-15","-","Klebsiella pneumoniae","ST13",
"ERR4920586","v2.3.1","v2.2.0",261643,88,5472071,1,2,2,"KL104","unknown (KL104)","Good","O1/O2v2","O1","Very high","CTX-M-15","-","Klebsiella pneumoniae","ST1741",
"ERR4920589","v2.3.1","v2.2.0",143333,139,5730461,2,9,6,"KL112","unknown (KL112)","Very high","O1/O2v1","O1","Very high","CTX-M-15","OXA-181","Klebsiella pneumoniae","ST15",
"ERR4920450","v2.3.1","v2.2.0",192649,110,5440718,1,13,8,"unknown (KL57)","unknown (K57)","Low","O1/O2v2","O2afg","Very high","CTX-M-15","-","Klebsiella pneumoniae","ST218",
"ERR4920565","v2.3.1","v2.2.0",276518,74,5193551,0,0,0,"KL35","K35","Very high","O3/O3a","O3/O3a","Very high","-","-","Klebsiella pneumoniae","ST12",
